Code,Forest,idTree,specCode,Species,Genus,Name,gmin.slope,Code_Meas_quality,R2,beta,Leaf_area,Vpsat.kPa_mean,VPD_mean,T.cels_mean,RH.perc_mean,t0,timeMeas_chosen.h,timeMeas_chosen.min,time_start,time_end,nMeas_chosen,nMeas_total,first_chosen_meas,last_chosen_meas,mass_start,mass_end,mass_Loss_Meas_chosen,file
474,Kaw,252041,Tac.mel,melinonii,Tachigali,Tachigali_melinonii,2.76048371855481,adj.PartofCurve,1,-2.05981413837558e-4,16.87,3.49613971582042,0.020477362150918,26.6571428571429,40.7142857142857,2021-10-05 14:50:08,2.75,165,2021-10-05 15:06:00,2021-10-05 17:51:00,7,9,2,8,0.2754,0.2421,0.0333,C:/Users/marion.boisseaux/Dropbox/Mon PC (Jaboty20)/Documents/METRADICA/Trait_Data_Cleaning/traits/input/Gmin/input/Metradica/Kaw/input/20211005_gmin.csv
475,Kaw,252055,Tac.mel,melinonii,Tachigali,Tachigali_melinonii,3.04535967708699,1,1,-1.99937823028796e-4,14.87,3.49887070526109,0.020440506184625,26.6714285714286,40.8571428571429,2021-10-05 14:55:18,2.71666666666667,163,2021-10-05 15:09:00,2021-10-05 17:52:00,7,9,2,8,0.2237,0.1908,0.0329,C:/Users/marion.boisseaux/Dropbox/Mon PC (Jaboty20)/Documents/METRADICA/Trait_Data_Cleaning/traits/input/Gmin/input/Metradica/Kaw/input/20211005_gmin.csv
476,Kaw,252075,Tac.mel,melinonii,Tachigali,Tachigali_melinonii,5.13298570855231,adj.PartofCurve,1,-2.3265369305617e-4,10.21,3.50158445590564,0.0205522986639284,26.6857142857143,40.5714285714286,2021-10-05 14:56:04,2.73333333333333,164,2021-10-05 15:12:00,2021-10-05 17:56:00,7,9,2,8,0.2228,0.1857,0.0371,C:/Users/marion.boisseaux/Dropbox/Mon PC (Jaboty20)/Documents/METRADICA/Trait_Data_Cleaning/traits/input/Gmin/input/Metradica/Kaw/input/20211005_gmin.csv
477,Kaw,252028,Tac.mel,guianensis,Poraqueiba,Poraqueiba_guianensis,1.77593143768691,1,1,-8.41296080887613e-4,103.55,3.52910795577373,0.0211796518144577,26.82,39.2,2021-10-05 14:58:01,2,120,2021-10-05 15:57:00,2021-10-05 17:57:00,5,9,4,8,2.512,2.4106,0.1014,C:/Users/marion.boisseaux/Dropbox/Mon PC (Jaboty20)/Documents/METRADICA/Trait_Data_Cleaning/traits/input/Gmin/input/Metradica/Kaw/input/20211005_gmin.csv
478,Kaw,252488,Tac.mel,americana,Vouacapoua,Vouacapoua_americana,2.50771721295718,1,1,-1.94774191060203e-4,17.33,3.51037059141722,0.0207491607104233,26.7285714285714,40.1428571428571,2021-10-05 14:58:41,2.73333333333333,164,2021-10-05 15:13:00,2021-10-05 17:57:00,7,9,2,8,0.3063,0.2741,0.0322,C:/Users/marion.boisseaux/Dropbox/Mon PC (Jaboty20)/Documents/METRADICA/Trait_Data_Cleaning/traits/input/Gmin/input/Metradica/Kaw/input/20211005_gmin.csv
479,Kaw,252192,Tac.mel,sagotiana,Iryanthera,Iryanthera_sagotiana,1.26023907659308,1,1,-2.29812553124858e-4,39.6,3.52910795577373,0.0213192473677204,26.82,38.8,2021-10-05 14:59:09,2,120,2021-10-05 15:58:00,2021-10-05 17:58:00,5,9,4,8,0.9458,0.9181,0.0276999999999999,C:/Users/marion.boisseaux/Dropbox/Mon PC (Jaboty20)/Documents/METRADICA/Trait_Data_Cleaning/traits/input/Gmin/input/Metradica/Kaw/input/20211005_gmin.csv
480,Kaw,252197,Tac.mel,guianensis,Poraqueiba,Poraqueiba_guianensis,2.32189197675884,1,1,-9.43457590971697e-4,88.63,3.52493033833301,0.0212249107059012,26.8,39,2021-10-05 15:00:50,2,120,2021-10-05 15:59:00,2021-10-05 17:59:00,5,9,4,8,2.2244,2.1118,0.1126,C:/Users/marion.boisseaux/Dropbox/Mon PC (Jaboty20)/Documents/METRADICA/Trait_Data_Cleaning/traits/input/Gmin/input/Metradica/Kaw/input/20211005_gmin.csv
481,Kaw,252485,Tac.mel,heteromorphus,Hymenopus,Hymenopus_heteromorphus,19.5389789945265,rapid_weight_loss,1,-0.00152745985491971,17.61,3.50777819916946,0.0205520350400849,26.7166666666667,40.6666666666667,2021-10-05 15:02:29,2.21666666666667,133,2021-10-05 15:19:00,2021-10-05 17:32:00,6,9,2,7,0.5758,0.3775,0.1983,C:/Users/marion.boisseaux/Dropbox/Mon PC (Jaboty20)/Documents/METRADICA/Trait_Data_Cleaning/traits/input/Gmin/input/Metradica/Kaw/input/20211005_gmin.csv
482,Kaw,252326,Tac.mel,guianensis,Poraqueiba,Poraqueiba_guianensis,2.4321646939381,1,0.99,-7.80820675583772e-4,70.11,3.52083752653423,0.0211994506258909,26.78,39,2021-10-05 15:03:27,1.98333333333333,119,2021-10-05 16:03:00,2021-10-05 18:02:00,5,9,4,8,1.7707,1.6786,0.0920999999999998,C:/Users/marion.boisseaux/Dropbox/Mon PC (Jaboty20)/Documents/METRADICA/Trait_Data_Cleaning/traits/input/Gmin/input/Metradica/Kaw/input/20211005_gmin.csv
483,Kaw,252541,Tac.mel,sagotiana,Iryanthera,Iryanthera_sagotiana,1.4610425151054,1,1,-2.36341925018024e-4,36.16,3.50437266815276,0.0207107459734872,26.7,40.1428571428571,2021-10-05 15:04:05,2.71666666666667,163,2021-10-05 15:20:00,2021-10-05 18:03:00,7,9,2,8,0.8726,0.833,0.0396000000000001,C:/Users/marion.boisseaux/Dropbox/Mon PC (Jaboty20)/Documents/METRADICA/Trait_Data_Cleaning/traits/input/Gmin/input/Metradica/Kaw/input/20211005_gmin.csv
484,Kaw,252542,Tac.mel,heteromorphus,Hymenopus,Hymenopus_heteromorphus,5.89760798189328,1,1,-6.05337028428393e-4,23.04,3.498510618244,0.0206245799978016,26.6714285714286,40.2857142857143,2021-10-05 15:04:50,2.71666666666667,163,2021-10-05 15:21:00,2021-10-05 18:04:00,7,9,2,8,0.6159,0.5181,0.0978,C:/Users/marion.boisseaux/Dropbox/Mon PC (Jaboty20)/Documents/METRADICA/Trait_Data_Cleaning/traits/input/Gmin/input/Metradica/Kaw/input/20211005_gmin.csv
485,Kaw,NA,Tac.mel,membranacea,Licania,Licania_membranacea,7.70528425704457,1,1,-0.00152626888802789,44.92,3.50438174810609,0.0204149766619552,26.7,41,2021-10-05 15:06:15,1.73333333333333,104,2021-10-05 15:22:00,2021-10-05 17:06:00,5,9,2,6,0.9793,0.8218,0.1575,C:/Users/marion.boisseaux/Dropbox/Mon PC (Jaboty20)/Documents/METRADICA/Trait_Data_Cleaning/traits/input/Gmin/input/Metradica/Kaw/input/20211005_gmin.csv
486,Kaw,252501,Tac.mel,michelii,Virola,Virola_michelii,6.34519878208696,1,0.99,-0.00115137732222934,39.8,3.51975090195981,0.0211074425467514,26.775,39.25,2021-10-05 15:08:09,1.53333333333333,92,2021-10-05 16:07:00,2021-10-05 17:39:00,4,9,4,7,0.9478,0.8413,0.1065,C:/Users/marion.boisseaux/Dropbox/Mon PC (Jaboty20)/Documents/METRADICA/Trait_Data_Cleaning/traits/input/Gmin/input/Metradica/Kaw/input/20211005_gmin.csv
487,Kaw,NA,Tac.mel,americana,Vouacapoua,Vouacapoua_americana,1.52614950050438,1,1,-3.24675716115699e-4,46.88,3.5181519516753,0.0210092899131881,26.7666666666667,39.5,2021-10-05 15:10:43,2.48333333333333,149,2021-10-05 15:40:00,2021-10-05 18:09:00,6,9,3,8,0.7477,0.6996,0.0481,C:/Users/marion.boisseaux/Dropbox/Mon PC (Jaboty20)/Documents/METRADICA/Trait_Data_Cleaning/traits/input/Gmin/input/Metradica/Kaw/input/20211005_gmin.csv
488,Kaw,252099,Tac.mel,guianensis,Poraqueiba,Poraqueiba_guianensis,2.10649517587698,1,1,-6.98446564393454e-4,72.86,3.5181519516753,0.0210683147800843,26.7666666666667,39.3333333333333,2021-10-05 15:11:04,2.48333333333333,149,2021-10-05 15:41:00,2021-10-05 18:10:00,6,9,3,8,1.9053,1.8006,0.1047,C:/Users/marion.boisseaux/Dropbox/Mon PC (Jaboty20)/Documents/METRADICA/Trait_Data_Cleaning/traits/input/Gmin/input/Metradica/Kaw/input/20211005_gmin.csv
489,Kaw,252025,Tac.mel,sagotiana,Iryanthera,Iryanthera_sagotiana,1.72334366340844,1,1,-2.98094052293845e-4,38.01,3.5181519516753,0.0210683147800843,26.7666666666667,39.3333333333333,2021-10-05 15:11:35,2.5,150,2021-10-05 15:41:00,2021-10-05 18:11:00,6,9,3,8,0.8667,0.8219,0.0448000000000001,C:/Users/marion.boisseaux/Dropbox/Mon PC (Jaboty20)/Documents/METRADICA/Trait_Data_Cleaning/traits/input/Gmin/input/Metradica/Kaw/input/20211005_gmin.csv
490,Kaw,252475,Tac.mel,prieurii,Chrysophyllum,Chrysophyllum_prieurii,0.381703031830227,1,1,-0.00352244384908984,2051.95,3.50729610515189,0.0208208254854229,26.7142857142857,39.8571428571429,2021-10-05 15:16:36,2.75,165,2021-10-05 15:31:00,2021-10-05 18:16:00,7,9,2,8,15.5619,14.9704,0.5915,C:/Users/marion.boisseaux/Dropbox/Mon PC (Jaboty20)/Documents/METRADICA/Trait_Data_Cleaning/traits/input/Gmin/input/Metradica/Kaw/input/20211005_gmin.csv
491,Kaw,252565,Tac.mel,guianensis,Poraqueiba,Poraqueiba_guianensis,1.3498362953766,1,1,-2.14243323442135e-4,34.76,3.5249729237607,0.0211394009552981,26.8,39.25,2021-10-05 15:17:53,1.48333333333333,89,2021-10-05 16:17:00,2021-10-05 17:46:00,4,9,4,7,0.7721,0.7528,0.0193,C:/Users/marion.boisseaux/Dropbox/Mon PC (Jaboty20)/Documents/METRADICA/Trait_Data_Cleaning/traits/input/Gmin/input/Metradica/Kaw/input/20211005_gmin.csv
492,Kaw,252128,Tac.mel,guianensis,Poraqueiba,Poraqueiba_guianensis,2.34409977951493,1,1,-0.00113051188008293,105.69,3.51822231933928,0.0211257135835599,26.7666666666667,39.1666666666667,2021-10-05 15:19:15,2.48333333333333,149,2021-10-05 15:48:00,2021-10-05 18:17:00,6,9,3,8,2.6407,2.4734,0.1673,C:/Users/marion.boisseaux/Dropbox/Mon PC (Jaboty20)/Documents/METRADICA/Trait_Data_Cleaning/traits/input/Gmin/input/Metradica/Kaw/input/20211005_gmin.csv
493,Kaw,NA,Tac.mel,michelii,Virola,Virola_michelii,4.8360047238452,1,1,-7.33360197994668e-4,33.5,3.51327943745532,0.0209571422378446,26.7428571428571,39.5714285714286,2021-10-05 15:23:30,2.75,165,2021-10-05 15:34:00,2021-10-05 18:19:00,7,9,2,8,0.7447,0.6262,0.1185,C:/Users/marion.boisseaux/Dropbox/Mon PC (Jaboty20)/Documents/METRADICA/Trait_Data_Cleaning/traits/input/Gmin/input/Metradica/Kaw/input/20211005_gmin.csv
494,Kaw,252179,Tac.mel,prouacensis,Bocoa,Bocoa_prouacensis,2.91271146388288,adj.PartofCurve,1,-5.81005811354492e-4,44.03,3.51621792064519,0.0209739667220512,26.7571428571429,39.5714285714286,2021-10-05 15:24:18,2.71666666666667,163,2021-10-05 15:36:00,2021-10-05 18:19:00,7,9,2,8,0.8393,0.7445,0.0948,C:/Users/marion.boisseaux/Dropbox/Mon PC (Jaboty20)/Documents/METRADICA/Trait_Data_Cleaning/traits/input/Gmin/input/Metradica/Kaw/input/20211005_gmin.csv
495,Kaw,NA,l,heteromorphus,Hymenopus,Hymenopus_heteromorphus,2.45548297713515,1,1,-4.62120959879363e-4,45.27,3.33692041911992,0.019246620957613,25.8714285714286,41.5714285714286,2021-10-06 15:38:54,2.73972222222222,164.383333333333,2021-10-06 15:53:59,2021-10-06 18:38:22,7,9,2,8,1.4906,1.4143,0.0763,C:/Users/marion.boisseaux/Dropbox/Mon PC (Jaboty20)/Documents/METRADICA/Trait_Data_Cleaning/traits/input/Gmin/input/Metradica/Kaw/input/20211006_gmin.csv
496,Kaw,252169,l,guianensis,Poraqueiba,Poraqueiba_guianensis,3.40414821881907,1,1,-9.57456715484467e-4,70.19,3.22867730370245,0.0185516137990229,25.28,41.8,2021-10-06 15:40:09,1.74416666666667,104.65,2021-10-06 15:54:51,2021-10-06 17:39:30,5,9,2,6,2.6291,2.53,0.0991000000000004,C:/Users/marion.boisseaux/Dropbox/Mon PC (Jaboty20)/Documents/METRADICA/Trait_Data_Cleaning/traits/input/Gmin/input/Metradica/Kaw/input/20211006_gmin.csv
497,Kaw,NA,l,melinonii,Tachigali,Tachigali_melinonii,2.51273735229135,adj.PartofCurve,1,-1.49304281727013e-4,14.32,3.33598044763208,0.019210045687246,25.8666666666667,41.6666666666667,2021-10-06 15:40:50,2.49805555555556,149.883333333333,2021-10-06 16:10:10,2021-10-06 18:40:03,6,9,3,8,0.2435,0.2214,0.0221,C:/Users/marion.boisseaux/Dropbox/Mon PC (Jaboty20)/Documents/METRADICA/Trait_Data_Cleaning/traits/input/Gmin/input/Metradica/Kaw/input/20211006_gmin.csv
498,Kaw,252658,l,americana,Vouacapoua,Vouacapoua_americana,4.34816615315998,1,1,-3.72719725041329e-4,20.6,3.33598044763208,0.0192643905613091,25.8666666666667,41.5,2021-10-06 15:41:45,2.235,134.1,2021-10-06 15:56:32,2021-10-06 18:10:38,6,9,2,7,0.2835,0.2344,0.0491,C:/Users/marion.boisseaux/Dropbox/Mon PC (Jaboty20)/Documents/METRADICA/Trait_Data_Cleaning/traits/input/Gmin/input/Metradica/Kaw/input/20211006_gmin.csv
499,Kaw,NA,l,melinonii,Tachigali,Tachigali_melinonii,2.47687394191357,1,1,-1.53718665676163e-4,14.83,3.33598044763208,0.0193743793815805,25.8666666666667,41.1666666666667,2021-10-06 15:42:16,2.48833333333333,149.3,2021-10-06 16:12:21,2021-10-06 18:41:39,6,9,3,8,0.338,0.315,0.023,C:/Users/marion.boisseaux/Dropbox/Mon PC (Jaboty20)/Documents/METRADICA/Trait_Data_Cleaning/traits/input/Gmin/input/Metradica/Kaw/input/20211006_gmin.csv
500,Kaw,NA,l,heteromorphus,Hymenopus,Hymenopus_heteromorphus,4.43561266704931,1,1,-5.37919397248476e-4,29.1,3.33692041911992,0.0192937590234436,25.8714285714286,41.4285714285714,2021-10-06 15:43:34,2.74333333333333,164.6,2021-10-06 15:57:46,2021-10-06 18:42:22,7,9,2,8,0.5545,0.4664,0.0881,C:/Users/marion.boisseaux/Dropbox/Mon PC (Jaboty20)/Documents/METRADICA/Trait_Data_Cleaning/traits/input/Gmin/input/Metradica/Kaw/input/20211006_gmin.csv
501,Kaw,NA,l,americana,Vouacapoua,Vouacapoua_americana,3.59363990232751,1,1,-2.99523805081566e-4,19.88,3.33269054742463,0.0194100500935579,25.85,41,2021-10-06 15:44:14,1.52388888888889,91.4333333333333,2021-10-06 16:43:00,2021-10-06 18:14:26,4,9,4,7,0.295,0.2674,0.0276,C:/Users/marion.boisseaux/Dropbox/Mon PC (Jaboty20)/Documents/METRADICA/Trait_Data_Cleaning/traits/input/Gmin/input/Metradica/Kaw/input/20211006_gmin.csv
502,Kaw,252513,l,copaia subsp. copaia,Jacaranda,Jacaranda_copaia subsp. copaia,5.91988440512409,1,1,-7.14350965278834e-4,28.66,3.33269054742463,0.0194925417087615,25.85,40.75,2021-10-06 15:45:02,1.52527777777778,91.5166666666667,2021-10-06 16:44:20,2021-10-06 18:15:51,4,9,4,7,0.4299,0.3642,0.0657,C:/Users/marion.boisseaux/Dropbox/Mon PC (Jaboty20)/Documents/METRADICA/Trait_Data_Cleaning/traits/input/Gmin/input/Metradica/Kaw/input/20211006_gmin.csv
503,Kaw,252397,l,melinonii,Tachigali,Tachigali_melinonii,2.64251867239089,1,1,-9.57673582661856e-5,8.66,3.33598044763208,0.0193743793815805,25.8666666666667,41.1666666666667,2021-10-06 15:45:40,2.49083333333333,149.45,2021-10-06 16:15:26,2021-10-06 18:44:53,6,9,3,8,0.1124,0.0981,0.0143,C:/Users/marion.boisseaux/Dropbox/Mon PC (Jaboty20)/Documents/METRADICA/Trait_Data_Cleaning/traits/input/Gmin/input/Metradica/Kaw/input/20211006_gmin.csv
504,Kaw,NA,l,copaia subsp. copaia,Jacaranda,Jacaranda_copaia subsp. copaia,5.02553616345418,1,1,-6.26108487308891e-4,29.59,3.33269054742463,0.0194925417087615,25.85,40.75,2021-10-06 15:48:06,1.49972222222222,89.9833333333333,2021-10-06 17:17:08,2021-10-06 18:47:07,4,9,5,8,0.6965,0.6398,0.0567,C:/Users/marion.boisseaux/Dropbox/Mon PC (Jaboty20)/Documents/METRADICA/Trait_Data_Cleaning/traits/input/Gmin/input/Metradica/Kaw/input/20211006_gmin.csv
505,Kaw,NA,l,michelii,Virola,Virola_michelii,3.45904283563209,1,1,-3.51245271457413e-4,24.22,3.33269054742463,0.0194100500935579,25.85,41,2021-10-06 15:48:36,1.50361111111111,90.2166666666667,2021-10-06 17:17:37,2021-10-06 18:47:50,4,9,5,8,0.4992,0.4674,0.0318,C:/Users/marion.boisseaux/Dropbox/Mon PC (Jaboty20)/Documents/METRADICA/Trait_Data_Cleaning/traits/input/Gmin/input/Metradica/Kaw/input/20211006_gmin.csv
506,Kaw,NA,l,copaia subsp. copaia,Jacaranda,Jacaranda_copaia subsp. copaia,1.62316095876338,1,1,-1.19212078434162e-4,17.55,3.33598044763208,0.0193743793815805,25.8666666666667,41.1666666666667,2021-10-06 15:49:45,2.495,149.7,2021-10-06 16:19:06,2021-10-06 18:48:48,6,9,3,8,0.5027,0.4844,0.0183,C:/Users/marion.boisseaux/Dropbox/Mon PC (Jaboty20)/Documents/METRADICA/Trait_Data_Cleaning/traits/input/Gmin/input/Metradica/Kaw/input/20211006_gmin.csv
507,Kaw,NA,l,sagotiana,Iryanthera,Iryanthera_sagotiana,1.58598227226829,1,1,-3.09012862035617e-4,46.5,3.33071660730016,0.0193986507354847,25.84,41,2021-10-06 15:51:10,1.99916666666667,119.95,2021-10-06 16:50:15,2021-10-06 18:50:12,5,9,4,8,1.0273,0.9904,0.036900000000000197,C:/Users/marion.boisseaux/Dropbox/Mon PC (Jaboty20)/Documents/METRADICA/Trait_Data_Cleaning/traits/input/Gmin/input/Metradica/Kaw/input/20211006_gmin.csv
508,Kaw,NA,l,copaia subsp. copaia,Jacaranda,Jacaranda_copaia subsp. copaia,4.29892898262758,1,1,-2.45706241389329e-4,13.76,3.33410050465639,0.0192301969740643,25.8571428571429,41.5714285714286,2021-10-06 15:52:07,2.73555555555556,164.133333333333,2021-10-06 16:06:48,2021-10-06 18:50:56,7,9,2,8,0.361,0.3201,0.0409,C:/Users/marion.boisseaux/Dropbox/Mon PC (Jaboty20)/Documents/METRADICA/Trait_Data_Cleaning/traits/input/Gmin/input/Metradica/Kaw/input/20211006_gmin.csv
510,Kaw,NA,l,copaia subsp. copaia,Jacaranda,Jacaranda_copaia subsp. copaia,4.47519304848389,potential_measurement_error,0.99,-2.18829151871091e-4,11.73,3.32775569711346,0.0192993036591986,25.825,41.25,2021-10-06 15:53:17,1.51611111111111,90.9666666666667,2021-10-06 17:22:18,2021-10-06 18:53:16,4,9,5,8,0.3582,0.3384,0.0198,C:/Users/marion.boisseaux/Dropbox/Mon PC (Jaboty20)/Documents/METRADICA/Trait_Data_Cleaning/traits/input/Gmin/input/Metradica/Kaw/input/20211006_gmin.csv
511,Kaw,NA,l,americana,Vouacapoua,Vouacapoua_americana,2.34944461359481,1,1,-3.82068073279805e-4,39.15,3.33410050465639,0.0192304753466669,25.8571428571429,41.5714285714286,2021-10-06 15:55:25,2.72833333333333,163.7,2021-10-06 16:10:40,2021-10-06 18:54:22,7,9,2,8,0.636,0.5724,0.0636,C:/Users/marion.boisseaux/Dropbox/Mon PC (Jaboty20)/Documents/METRADICA/Trait_Data_Cleaning/traits/input/Gmin/input/Metradica/Kaw/input/20211006_gmin.csv
512,Kaw,NA,l,americana,Vouacapoua,Vouacapoua_americana,1.92504543324939,1,1,-2.21068945284929e-4,27.5,3.33071660730016,0.0193330471649655,25.84,41.2,2021-10-06 15:58:14,1.98138888888889,118.883333333333,2021-10-06 16:58:23,2021-10-06 18:57:16,5,9,4,8,0.4406,0.4144,0.0262,C:/Users/marion.boisseaux/Dropbox/Mon PC (Jaboty20)/Documents/METRADICA/Trait_Data_Cleaning/traits/input/Gmin/input/Metradica/Kaw/input/20211006_gmin.csv
513,Kaw,NA,l,americana,Vouacapoua,Vouacapoua_americana,2.01718113153853,adj.PartofCurve,1,-1.94667808376809e-4,23.12,3.33410050465639,0.0193244731057255,25.8571428571429,41.2857142857143,2021-10-06 15:58:50,2.73027777777778,163.816666666667,2021-10-06 16:14:01,2021-10-06 18:57:50,7,9,2,8,0.3826,0.3503,0.0323,C:/Users/marion.boisseaux/Dropbox/Mon PC (Jaboty20)/Documents/METRADICA/Trait_Data_Cleaning/traits/input/Gmin/input/Metradica/Kaw/input/20211006_gmin.csv
514,Kaw,NA,l,copaia subsp. copaia,Jacaranda,Jacaranda_copaia subsp. copaia,13.0322960374275,1,1,-6.41525821424967e-4,11.76,3.33861236779804,0.0193790343189017,25.88,41.2,2021-10-06 16:01:27,1.76333333333333,105.8,2021-10-06 16:15:51,2021-10-06 18:01:39,5,9,2,6,0.4186,0.3511,0.0675,C:/Users/marion.boisseaux/Dropbox/Mon PC (Jaboty20)/Documents/METRADICA/Trait_Data_Cleaning/traits/input/Gmin/input/Metradica/Kaw/input/20211006_gmin.csv
515,Kaw,NA,l,americana,Vouacapoua,Vouacapoua_americana,1.63284932909952,1,1,-5.00670715490747e-4,73.55,3.33269054742463,0.019300548425341,25.85,41.3333333333333,2021-10-06 16:01:53,2.50055555555556,150.033333333333,2021-10-06 16:31:20,2021-10-06 19:01:22,6,9,3,8,1.0854,1.0102,0.0751999999999999,C:/Users/marion.boisseaux/Dropbox/Mon PC (Jaboty20)/Documents/METRADICA/Trait_Data_Cleaning/traits/input/Gmin/input/Metradica/Kaw/input/20211006_gmin.csv
516,Kaw,NA,l,americana,Vouacapoua,Vouacapoua_americana,2.7846243333393,1,1,-3.73730620645664e-4,32.1,3.3376253977358,0.019356787601619,25.875,41.25,2021-10-06 16:02:28,1.52666666666667,91.6,2021-10-06 16:31:39,2021-10-06 18:03:15,4,9,3,6,0.5915,0.5577,0.0338000000000001,C:/Users/marion.boisseaux/Dropbox/Mon PC (Jaboty20)/Documents/METRADICA/Trait_Data_Cleaning/traits/input/Gmin/input/Metradica/Kaw/input/20211006_gmin.csv
517,Kaw,NA,l,copaia subsp. copaia,Jacaranda,Jacaranda_copaia subsp. copaia,8.70354624072736,potential_measurement_error,1,-6.36920785970442e-4,17.48,3.32775569711346,0.0193817952744022,25.825,41,2021-10-06 16:05:12,1.49083333333333,89.45,2021-10-06 17:33:12,2021-10-06 19:02:39,4,9,5,8,0.5063,0.4501,0.0562,C:/Users/marion.boisseaux/Dropbox/Mon PC (Jaboty20)/Documents/METRADICA/Trait_Data_Cleaning/traits/input/Gmin/input/Metradica/Kaw/input/20211006_gmin.csv
518,Kaw,NA,l,michelii,Virola,Virola_michelii,5.16198067083837,1,1,-5.82686619873746e-4,24.14,3.58406276747214,0.0216484922598271,27.08,38.8,2021-10-07 16:16:23,2,120,2021-10-07 16:45:00,2021-10-07 18:45:00,5,9,3,7,0.6751,0.6051,0.0700000000000001,C:/Users/marion.boisseaux/Dropbox/Mon PC (Jaboty20)/Documents/METRADICA/Trait_Data_Cleaning/traits/input/Gmin/input/Metradica/Kaw/input/20211007_gmin.csv
519,Kaw,NA,l,heteromorphus,Hymenopus,Hymenopus_heteromorphus,5.51243493988151,1,1,-7.92750471683028e-4,31.63,3.55247073173013,0.0210494178461345,26.9285714285714,40,2021-10-07 16:17:22,3.1,186,2021-10-07 16:32:00,2021-10-07 19:38:00,7,9,2,8,1.0652,0.9193,0.1459,C:/Users/marion.boisseaux/Dropbox/Mon PC (Jaboty20)/Documents/METRADICA/Trait_Data_Cleaning/traits/input/Gmin/input/Metradica/Kaw/input/20211007_gmin.csv
520,Kaw,NA,l,sagotiana,Iryanthera,Iryanthera_sagotiana,0.864584961077169,1,1,-1.42970962504248e-4,36.7,3.50490634282803,0.020860290328911,26.7,39.75,2021-10-07 16:19:03,1.83333333333333,110,2021-10-07 17:48:00,2021-10-07 19:38:00,4,9,5,8,0.8024,0.7866,0.0158,C:/Users/marion.boisseaux/Dropbox/Mon PC (Jaboty20)/Documents/METRADICA/Trait_Data_Cleaning/traits/input/Gmin/input/Metradica/Kaw/input/20211007_gmin.csv
521,Kaw,NA,l,sagotiana,Iryanthera,Iryanthera_sagotiana,2.7845446938436,1,1,-6.81355337836379e-4,54.12,3.54956227617142,0.0209318652610984,26.9142857142857,40.2857142857143,2021-10-07 16:19:59,3.08333333333333,185,2021-10-07 16:34:00,2021-10-07 19:39:00,7,9,2,8,1.3247,1.2005,0.1242,C:/Users/marion.boisseaux/Dropbox/Mon PC (Jaboty20)/Documents/METRADICA/Trait_Data_Cleaning/traits/input/Gmin/input/Metradica/Kaw/input/20211007_gmin.csv
522,Kaw,NA,l,sagotiana,Iryanthera,Iryanthera_sagotiana,0.693713631491178,1,1,-1.54926277519694e-4,49.92,3.49443528120604,0.0207117373326141,26.65,40,2021-10-07 16:21:17,1.78333333333333,107,2021-10-07 17:52:00,2021-10-07 19:39:00,4,9,5,8,1.1336,1.117,0.0165999999999999,C:/Users/marion.boisseaux/Dropbox/Mon PC (Jaboty20)/Documents/METRADICA/Trait_Data_Cleaning/traits/input/Gmin/input/Metradica/Kaw/input/20211007_gmin.csv
523,Kaw,NA,l,americana,Vouacapoua,Vouacapoua_americana,2.73786058857102,1,1,-5.49634110644942e-4,43.6,3.5601616026839,0.0213168047296262,26.9666666666667,39.3333333333333,2021-10-07 16:22:23,2.23333333333333,134,2021-10-07 16:37:00,2021-10-07 18:51:00,6,9,2,7,0.544,0.4698,0.0742,C:/Users/marion.boisseaux/Dropbox/Mon PC (Jaboty20)/Documents/METRADICA/Trait_Data_Cleaning/traits/input/Gmin/input/Metradica/Kaw/input/20211007_gmin.csv
524,Kaw,NA,l,copaia subsp. copaia,Jacaranda,Jacaranda_copaia subsp. copaia,6.99350914764502,potential_measurement_error,0.99,-4.02438227146813e-4,12.67,3.54055011746865,0.0210268256590217,26.8714285714286,39.8571428571429,2021-10-07 16:25:59,3.01666666666667,181,2021-10-07 16:40:00,2021-10-07 19:41:00,7,9,2,8,0.3818,0.3092,0.0726,C:/Users/marion.boisseaux/Dropbox/Mon PC (Jaboty20)/Documents/METRADICA/Trait_Data_Cleaning/traits/input/Gmin/input/Metradica/Kaw/input/20211007_gmin.csv
525,Kaw,NA,l,membranacea,Licania,Licania_membranacea,5.09343781334649,1,1,-7.053357513643e-4,30.49,3.54055011746865,0.0210268256590217,26.8714285714286,39.8571428571429,2021-10-07 16:26:41,3.01666666666667,181,2021-10-07 16:40:00,2021-10-07 19:41:00,7,9,2,8,0.8955,0.7685,0.127,C:/Users/marion.boisseaux/Dropbox/Mon PC (Jaboty20)/Documents/METRADICA/Trait_Data_Cleaning/traits/input/Gmin/input/Metradica/Kaw/input/20211007_gmin.csv
526,Kaw,NA,l,hexapetala,Gustavia,Gustavia_hexapetala,2.97457486203726,1,1,-0.00109907531824611,81.87,3.53637777879656,0.0208941164157697,26.85,40.1666666666667,2021-10-07 16:27:40,2.8,168,2021-10-07 16:57:00,2021-10-07 19:45:00,6,9,3,8,2.4879,2.3002,0.1877,C:/Users/marion.boisseaux/Dropbox/Mon PC (Jaboty20)/Documents/METRADICA/Trait_Data_Cleaning/traits/input/Gmin/input/Metradica/Kaw/input/20211007_gmin.csv
527,Kaw,NA,l,guianensis,Poraqueiba,Poraqueiba_guianensis,2.12867255178562,1,1,-6.81459409349758e-4,69.17,3.55929260269064,0.0214269129629103,26.96,39,2021-10-07 16:28:56,2,120,2021-10-07 16:57:00,2021-10-07 18:57:00,5,9,3,7,1.5686,1.4878,0.0808,C:/Users/marion.boisseaux/Dropbox/Mon PC (Jaboty20)/Documents/METRADICA/Trait_Data_Cleaning/traits/input/Gmin/input/Metradica/Kaw/input/20211007_gmin.csv
528,Kaw,NA,l,melinonii,Tachigali,Tachigali_melinonii,1.99460102582586,1,1,-1.21572556623087e-4,13.45,3.5496999111913,0.020979903017882,26.9142857142857,40.1428571428571,2021-10-07 16:29:56,3.05,183,2021-10-07 16:44:00,2021-10-07 19:47:00,7,9,2,8,0.2786,0.2565,0.0221,C:/Users/marion.boisseaux/Dropbox/Mon PC (Jaboty20)/Documents/METRADICA/Trait_Data_Cleaning/traits/input/Gmin/input/Metradica/Kaw/input/20211007_gmin.csv
529,Kaw,NA,l,prouacensis,Bocoa,Bocoa_prouacensis,5.1987595732107,adj.PartofCurve,1,-5.94433215334621e-4,25.21,3.55274554919313,0.0209979423347734,26.9285714285714,40.1428571428571,2021-10-07 16:31:51,3,180,2021-10-07 16:47:00,2021-10-07 19:47:00,7,9,2,8,0.6957,0.5902,0.1055,C:/Users/marion.boisseaux/Dropbox/Mon PC (Jaboty20)/Documents/METRADICA/Trait_Data_Cleaning/traits/input/Gmin/input/Metradica/Kaw/input/20211007_gmin.csv
530,Kaw,NA,l,membranacea,Licania,Licania_membranacea,5.19925887491923,1,1,-0.00175705960779957,74.51,3.55274554919313,0.0209979423347734,26.9285714285714,40.1428571428571,2021-10-07 16:33:01,3.01666666666667,181,2021-10-07 16:47:00,2021-10-07 19:48:00,7,9,2,8,1.8908,1.5746,0.3162,C:/Users/marion.boisseaux/Dropbox/Mon PC (Jaboty20)/Documents/METRADICA/Trait_Data_Cleaning/traits/input/Gmin/input/Metradica/Kaw/input/20211007_gmin.csv
531,Kaw,NA,l,membranacea,Licania,Licania_membranacea,6.47997532176497,1,1,-0.0019941742046453,66.09,3.57119393479789,0.0215575915571728,27.0166666666667,38.8333333333333,2021-10-07 16:34:07,2.23333333333333,134,2021-10-07 16:49:00,2021-10-07 19:03:00,6,9,2,7,1.4295,1.1642,0.2653,C:/Users/marion.boisseaux/Dropbox/Mon PC (Jaboty20)/Documents/METRADICA/Trait_Data_Cleaning/traits/input/Gmin/input/Metradica/Kaw/input/20211007_gmin.csv
534,Kaw,NA,l,globulifera,Symphonia,Symphonia_globulifera,6.08785441807809,1,1,-0.00118249253479069,42.43,3.56901944419073,0.0211937284909378,27.0057142857143,39.8571428571429,2021-10-07 16:35:34,2.98333333333333,179,2021-10-07 16:50:00,2021-10-07 19:49:00,7,9,2,8,1.4488,1.2398,0.209,C:/Users/marion.boisseaux/Dropbox/Mon PC (Jaboty20)/Documents/METRADICA/Trait_Data_Cleaning/traits/input/Gmin/input/Metradica/Kaw/input/20211007_gmin.csv
535,Kaw,NA,l,globulifera,Symphonia,Symphonia_globulifera,3.57734762659084,adj.PartofCurve,1,-4.03872078581912e-4,24.67,3.56774517538812,0.0211865276616219,27,39.8571428571429,2021-10-07 16:36:28,2.98333333333333,179,2021-10-07 16:50:00,2021-10-07 19:49:00,7,9,2,8,1.0778,1.0058,0.0720000000000001,C:/Users/marion.boisseaux/Dropbox/Mon PC (Jaboty20)/Documents/METRADICA/Trait_Data_Cleaning/traits/input/Gmin/input/Metradica/Kaw/input/20211007_gmin.csv
536,Kaw,NA,l,surinamensis,Virola,Virola_surinamensis,8.67821066920884,adj.PartofCurve,1,-0.00106778563826457,26.37,3.57824853832871,0.0216018032229715,27.05,38.8333333333333,2021-10-07 16:37:47,2.21666666666667,133,2021-10-07 16:53:00,2021-10-07 19:06:00,6,9,2,7,0.8701,0.7278,0.1423,C:/Users/marion.boisseaux/Dropbox/Mon PC (Jaboty20)/Documents/METRADICA/Trait_Data_Cleaning/traits/input/Gmin/input/Metradica/Kaw/input/20211007_gmin.csv
537,Kaw,NA,l,surinamensis,Virola,Virola_surinamensis,3.29295248060897,1,1,-8.72600748979934e-4,56.75,3.54695718797757,0.0216177505318442,26.9,38.25,2021-10-07 16:38:51,1.5,90,2021-10-07 17:37:00,2021-10-07 19:07:00,4,9,4,7,2.1636,2.0846,0.0790000000000002,C:/Users/marion.boisseaux/Dropbox/Mon PC (Jaboty20)/Documents/METRADICA/Trait_Data_Cleaning/traits/input/Gmin/input/Metradica/Kaw/input/20211007_gmin.csv
538,Kaw,NA,l,guianensis,Carapa,Carapa_guianensis,1.84706269148495,1,1,-5.55055327739483e-4,66.13,3.57113438948092,0.021037898990933,27.01,40.4,2021-10-08 11:13:50,6.26666666666667,376,2021-10-08 11:30:00,2021-10-08 17:46:00,10,12,2,11,1.561,1.3502,0.2108,C:/Users/marion.boisseaux/Dropbox/Mon PC (Jaboty20)/Documents/METRADICA/Trait_Data_Cleaning/traits/input/Gmin/input/Metradica/Kaw/input/20211008_gmin.csv
539,Kaw,NA,l,opacum subsp. rabelianum,Protium,Protium_opacum subsp. rabelianum,7.84996926886979,1,1,-0.00280706366237482,81.56,3.5081876976421,0.0202980041720426,26.7142857142857,41.4285714285714,2021-10-08 11:14:17,2.75,165,2021-10-08 11:30:00,2021-10-08 14:15:00,7,12,2,8,1.681,1.229,0.452,C:/Users/marion.boisseaux/Dropbox/Mon PC (Jaboty20)/Documents/METRADICA/Trait_Data_Cleaning/traits/input/Gmin/input/Metradica/Kaw/input/20211008_gmin.csv
540,Kaw,NA,l,opacum subsp. rabelianum,Protium,Protium_opacum subsp. rabelianum,6.86137687461531,1,1,-0.00192324898995294,59.95,3.62585092046359,0.0216461817174122,27.2714285714286,39.5714285714286,2021-10-08 11:14:52,4.15,249,2021-10-08 12:15:00,2021-10-08 16:24:00,7,12,4,10,1.4482,0.9802,0.468,C:/Users/marion.boisseaux/Dropbox/Mon PC (Jaboty20)/Documents/METRADICA/Trait_Data_Cleaning/traits/input/Gmin/input/Metradica/Kaw/input/20211008_gmin.csv
541,Kaw,NA,l,opacum subsp. rabelianum,Protium,Protium_opacum subsp. rabelianum,13.99,adj.PartofCurve,1,-0.00563018475149622,79.23,3.46364076822502,0.01997491236052,26.5,41.6,2021-10-08 11:15:39,1.78333333333333,107,2021-10-08 11:31:00,2021-10-08 13:18:00,5,12,2,6,1.8232,1.223,0.6002,C:/Users/marion.boisseaux/Dropbox/Mon PC (Jaboty20)/Documents/METRADICA/Trait_Data_Cleaning/traits/input/Gmin/input/Metradica/Kaw/input/20211008_gmin.csv
542,Kaw,NA,l,opacum subsp. rabelianum,Protium,Protium_opacum subsp. rabelianum,3.38030036940277,adj.PartofCurve,1,-0.00121027936468443,77.42,3.59204080665253,0.0214103327816368,27.1111111111111,39.6666666666667,2021-10-08 11:16:13,6.01666666666667,361,2021-10-08 11:46:00,2021-10-08 17:47:00,9,12,3,11,1.7829,1.3594,0.4235,C:/Users/marion.boisseaux/Dropbox/Mon PC (Jaboty20)/Documents/METRADICA/Trait_Data_Cleaning/traits/input/Gmin/input/Metradica/Kaw/input/20211008_gmin.csv
543,Kaw,NA,l,opacum subsp. rabelianum,Protium,Protium_opacum subsp. rabelianum,3.07244121341309,adj.PartofCurve,1,-9.93486861191942e-4,70.78,3.57307605851861,0.0211501882124321,27.02,40.1,2021-10-08 11:17:52,6.23333333333333,374,2021-10-08 11:33:00,2021-10-08 17:47:00,10,12,2,11,1.378,1.006,0.372,C:/Users/marion.boisseaux/Dropbox/Mon PC (Jaboty20)/Documents/METRADICA/Trait_Data_Cleaning/traits/input/Gmin/input/Metradica/Kaw/input/20211008_gmin.csv
544,Kaw,NA,l,globulifera,Symphonia,Symphonia_globulifera,3.05401206985234,adj.PartofCurve,1,-4.59080429454943e-4,32.84,3.56874530597961,0.0211914722853049,27,39.9,2021-10-08 11:18:54,6.23333333333333,374,2021-10-08 11:33:00,2021-10-08 17:47:00,10,12,2,11,1.0061,0.8345,0.1716,C:/Users/marion.boisseaux/Dropbox/Mon PC (Jaboty20)/Documents/METRADICA/Trait_Data_Cleaning/traits/input/Gmin/input/Metradica/Kaw/input/20211008_gmin.csv
545,Kaw,NA,l,surinamensis,Virola,Virola_surinamensis,3.85391106657131,1,1,-0.00139782813208953,76.69,3.63456019747663,0.0218957385740672,27.3142857142857,39,2021-10-08 11:20:04,4.96666666666667,298,2021-10-08 12:50:00,2021-10-08 17:48:00,7,12,5,11,2.7771,2.3588,0.4183,C:/Users/marion.boisseaux/Dropbox/Mon PC (Jaboty20)/Documents/METRADICA/Trait_Data_Cleaning/traits/input/Gmin/input/Metradica/Kaw/input/20211008_gmin.csv
546,Kaw,NA,l,procera,Laetia,Laetia_procera,2.33451978371948,1,1,-6.13202852712683e-4,56.7,3.59195817746564,0.0214471603036052,27.1111111111111,39.5555555555556,2021-10-08 11:20:56,5.95,357,2021-10-08 11:51:00,2021-10-08 17:48:00,9,12,3,11,2.0575,1.8355,0.222,C:/Users/marion.boisseaux/Dropbox/Mon PC (Jaboty20)/Documents/METRADICA/Trait_Data_Cleaning/traits/input/Gmin/input/Metradica/Kaw/input/20211008_gmin.csv
547,Kaw,NA,l,opacum subsp. rabelianum,Protium,Protium_opacum subsp. rabelianum,10.8550162574314,adj.PartofCurve,1,-0.0035163376079228,73.14,3.51085527302707,0.0205046037111634,26.7285714285714,40.8571428571429,2021-10-08 11:22:11,2.71666666666667,163,2021-10-08 11:36:00,2021-10-08 14:19:00,7,12,2,8,1.8826,1.331,0.5516,C:/Users/marion.boisseaux/Dropbox/Mon PC (Jaboty20)/Documents/METRADICA/Trait_Data_Cleaning/traits/input/Gmin/input/Metradica/Kaw/input/20211008_gmin.csv
548,Kaw,NA,l,procera,Laetia,Laetia_procera,2.97269955981167,1,1,-0.00121624059546171,87.62,3.61035934946213,0.0216177990899232,27.2,39.375,2021-10-08 11:24:19,5.4,324,2021-10-08 12:24:00,2021-10-08 17:48:00,8,12,4,11,3.4237,3.0236,0.4001,C:/Users/marion.boisseaux/Dropbox/Mon PC (Jaboty20)/Documents/METRADICA/Trait_Data_Cleaning/traits/input/Gmin/input/Metradica/Kaw/input/20211008_gmin.csv
549,Kaw,NA,l,procera,Laetia,Laetia_procera,2.74316371740031,1,1,-0.00104379105220025,82.2,3.5894909914882,0.021430695862471,27.1,39.5555555555556,2021-10-08 11:26:17,5.88333333333333,353,2021-10-08 11:56:00,2021-10-08 17:49:00,9,12,3,11,2.9724,2.5956,0.3768,C:/Users/marion.boisseaux/Dropbox/Mon PC (Jaboty20)/Documents/METRADICA/Trait_Data_Cleaning/traits/input/Gmin/input/Metradica/Kaw/input/20211008_gmin.csv
550,Kaw,NA,l,opacum subsp. rabelianum,Protium,Protium_opacum subsp. rabelianum,3.95161587411121,1,1,-3.91592489568845e-4,22.45,3.51674748072548,0.0204357008184339,26.7571428571429,41.1428571428571,2021-10-08 11:28:16,2.61666666666667,157,2021-10-08 11:43:00,2021-10-08 14:20:00,7,12,2,8,0.5658,0.5048,0.0609999999999999,C:/Users/marion.boisseaux/Dropbox/Mon PC (Jaboty20)/Documents/METRADICA/Trait_Data_Cleaning/traits/input/Gmin/input/Metradica/Kaw/input/20211008_gmin.csv
551,Kaw,NA,l,surinamensis,Virola,Virola_surinamensis,1.89916028297665,1,1,-2.13944814754756e-4,23.95,3.63135755207341,0.0217761388478707,27.3,39.2857142857143,2021-10-08 11:29:01,4.83333333333333,290,2021-10-08 13:00:00,2021-10-08 17:50:00,7,12,5,11,0.8289,0.7666,0.0623,C:/Users/marion.boisseaux/Dropbox/Mon PC (Jaboty20)/Documents/METRADICA/Trait_Data_Cleaning/traits/input/Gmin/input/Metradica/Kaw/input/20211008_gmin.csv
552,Kaw,NA,l,procera,Laetia,Laetia_procera,1.3272316131531,1,1,-6.88728411672584e-4,111.82,3.62621499277194,0.0214846380922993,27.275,40,2021-10-08 11:31:52,5.3,318,2021-10-08 12:32:00,2021-10-08 17:50:00,8,12,4,11,2.3545,2.1321,0.2224,C:/Users/marion.boisseaux/Dropbox/Mon PC (Jaboty20)/Documents/METRADICA/Trait_Data_Cleaning/traits/input/Gmin/input/Metradica/Kaw/input/20211008_gmin.csv
553,Kaw,NA,l,opacum subsp. rabelianum,Protium,Protium_opacum subsp. rabelianum,5.85185217179517,adj.PartofCurve,1,-0.00230912343470483,89.83,3.5011853537592,0.020336614276828,26.6833333333333,41.1666666666667,2021-10-08 11:32:09,2.13333333333333,128,2021-10-08 11:48:00,2021-10-08 13:56:00,6,12,2,7,1.8972,1.6088,0.2884,C:/Users/marion.boisseaux/Dropbox/Mon PC (Jaboty20)/Documents/METRADICA/Trait_Data_Cleaning/traits/input/Gmin/input/Metradica/Kaw/input/20211008_gmin.csv
554,Kaw,NA,l,opacum subsp. rabelianum,Protium,Protium_opacum subsp. rabelianum,11.53,adj.PartofCurve,0.99,-0.00449545068027211,44.28,3.48811519030516,0.0202465901206622,26.62,41.2,2021-10-08 11:32:18,1.7,102,2021-10-08 11:48:00,2021-10-08 13:30:00,5,12,2,6,1.3982,0.9486,0.4496,C:/Users/marion.boisseaux/Dropbox/Mon PC (Jaboty20)/Documents/METRADICA/Trait_Data_Cleaning/traits/input/Gmin/input/Metradica/Kaw/input/20211008_gmin.csv
555,Kaw,NA,l,procera,Laetia,Laetia_procera,2.63934978925186,1,1,-7.56574875656172e-4,62.35,3.59192272918918,0.0212845638697461,27.11,40,2021-10-08 11:34:18,6.03333333333333,362,2021-10-08 11:49:00,2021-10-08 17:51:00,10,12,2,11,2.1664,1.8932,0.2732,C:/Users/marion.boisseaux/Dropbox/Mon PC (Jaboty20)/Documents/METRADICA/Trait_Data_Cleaning/traits/input/Gmin/input/Metradica/Kaw/input/20211008_gmin.csv
556,Kaw,NA,l,globulifera,Symphonia,Symphonia_globulifera,1.59931568187227,adj.PartofCurve,1,-1.44458567109399e-4,19.5,3.61303981384948,0.0214447379965112,27.2111111111111,39.8888888888889,2021-10-08 11:37:19,5.73333333333333,344,2021-10-08 12:07:00,2021-10-08 17:51:00,9,12,3,11,0.9455,0.8952,0.0503,C:/Users/marion.boisseaux/Dropbox/Mon PC (Jaboty20)/Documents/METRADICA/Trait_Data_Cleaning/traits/input/Gmin/input/Metradica/Kaw/input/20211008_gmin.csv
557,Kaw,NA,lml,guianensis,Carapa,Carapa_guianensis,3.28102103979789,1,1,-0.00234329669753584,155.36,3.59817857784661,0.0212826303209023,27.14,40.1,2021-10-08 11:37:51,6,360,2021-10-08 11:52:00,2021-10-08 17:52:00,10,12,2,11,4.421,3.5667,0.8543,C:/Users/marion.boisseaux/Dropbox/Mon PC (Jaboty20)/Documents/METRADICA/Trait_Data_Cleaning/traits/input/Gmin/input/Metradica/Kaw/input/20211008_gmin.csv
558,Kaw,NA,l,surinamensis,Virola,Virola_surinamensis,5.86109735239099,1,1,-6.51395963634017e-4,25.09,3.75655147955279,0.0205074525629741,27.8857142857143,44.7142857142857,2021-10-11 13:38:18,2.68333333333333,161,2021-10-11 13:57:00,2021-10-11 16:38:00,7,11,2,8,0.874,0.7693,0.1047,C:/Users/marion.boisseaux/Dropbox/Mon PC (Jaboty20)/Documents/METRADICA/Trait_Data_Cleaning/traits/input/Gmin/input/Metradica/Kaw/input/20211011_gmin.csv
559,Kaw,NA,l,guianensis,Carapa,Carapa_guianensis,1.90844270940554,1,1,-3.99688613177602e-4,47,3.73078149571486,0.0206296110310374,27.7666666666667,44,2021-10-11 13:39:55,3.38333333333333,203,2021-10-11 15:08:00,2021-10-11 18:31:00,6,11,5,10,1.1373,1.0552,0.0821000000000001,C:/Users/marion.boisseaux/Dropbox/Mon PC (Jaboty20)/Documents/METRADICA/Trait_Data_Cleaning/traits/input/Gmin/input/Metradica/Kaw/input/20211011_gmin.csv
560,Kaw,NA,l,surinamensis,Virola,Virola_surinamensis,2.6878411646025002,1,1,-5.85967606901634e-4,48.68,3.7271366327522,0.0207331689489338,27.75,43.6666666666667,2021-10-11 13:41:53,3.35,201,2021-10-11 15:10:00,2021-10-11 18:31:00,6,11,5,10,1.6952,1.577,0.1182,C:/Users/marion.boisseaux/Dropbox/Mon PC (Jaboty20)/Documents/METRADICA/Trait_Data_Cleaning/traits/input/Gmin/input/Metradica/Kaw/input/20211011_gmin.csv
561,Kaw,NA,l,surinamensis,Virola,Virola_surinamensis,6.1747286805851,1,1,-3.90332405502441e-4,14.34,3.73558657828919,0.0204086287803684,27.7888888888889,44.6666666666667,2021-10-11 13:43:33,4.55,273,2021-10-11 13:58:00,2021-10-11 18:31:00,9,11,2,10,0.5294,0.4224,0.107,C:/Users/marion.boisseaux/Dropbox/Mon PC (Jaboty20)/Documents/METRADICA/Trait_Data_Cleaning/traits/input/Gmin/input/Metradica/Kaw/input/20211011_gmin.csv
562,Kaw,NA,l,guianensis,Carapa,Carapa_guianensis,1.27172121576956,1,1,-3.50288962800461e-4,61.39,3.71626420128751,0.0207722314186153,27.7,43.4,2021-10-11 13:45:23,2.78333333333333,167,2021-10-11 15:45:00,2021-10-11 18:32:00,5,11,6,10,1.5734,1.5141,0.0592999999999999,C:/Users/marion.boisseaux/Dropbox/Mon PC (Jaboty20)/Documents/METRADICA/Trait_Data_Cleaning/traits/input/Gmin/input/Metradica/Kaw/input/20211011_gmin.csv
563,Kaw,NA,l,globulifera,Symphonia,Symphonia_globulifera,2.3839263932898,1,1,-3.19984422229788e-4,30.39,3.73551270785774,0.020448033265294,27.7888888888889,44.5555555555556,2021-10-11 13:47:48,4.5,270,2021-10-11 14:02:00,2021-10-11 18:32:00,9,11,2,10,1.0841,0.9975,0.0866,C:/Users/marion.boisseaux/Dropbox/Mon PC (Jaboty20)/Documents/METRADICA/Trait_Data_Cleaning/traits/input/Gmin/input/Metradica/Kaw/input/20211011_gmin.csv
564,Kaw,NA,l,guianensis,Carapa,Carapa_guianensis,2.96514859006378,1,1,-0.00229283456988169,172.04,3.73491842779042,0.0208086101804994,27.7857142857143,43.5714285714286,2021-10-11 13:48:41,3.71666666666667,223,2021-10-11 14:49:00,2021-10-11 18:32:00,7,11,4,10,5.916,5.4008,0.5152,C:/Users/marion.boisseaux/Dropbox/Mon PC (Jaboty20)/Documents/METRADICA/Trait_Data_Cleaning/traits/input/Gmin/input/Metradica/Kaw/input/20211011_gmin.csv
565,Kaw,NA,l,surinamensis,Virola,Virola_surinamensis,11.076071588418,1,0.99,-0.0034839174184594,70.19,3.71191254232874,0.0207468947835895,27.68,43.4,2021-10-11 13:49:56,2.73333333333333,164,2021-10-11 15:49:00,2021-10-11 18:33:00,5,11,6,10,2.3253,1.7633,0.562,C:/Users/marion.boisseaux/Dropbox/Mon PC (Jaboty20)/Documents/METRADICA/Trait_Data_Cleaning/traits/input/Gmin/input/Metradica/Kaw/input/20211011_gmin.csv
566,Kaw,NA,l,surinamensis,Virola,Virola_surinamensis,3.50666624423687,1,1,-5.99104134536994e-4,37.9,3.74160598704848,0.0208696383313918,27.8166666666667,43.5,2021-10-11 13:50:30,2.61666666666667,157,2021-10-11 14:51:00,2021-10-11 17:28:00,6,11,4,9,1.4305,1.3368,0.0937000000000001,C:/Users/marion.boisseaux/Dropbox/Mon PC (Jaboty20)/Documents/METRADICA/Trait_Data_Cleaning/traits/input/Gmin/input/Metradica/Kaw/input/20211011_gmin.csv
567,Kaw,NA,l,surinamensis,Virola,Virola_surinamensis,1.67892924192023,1,1,-3.13212146357907e-4,41.88,3.70318685874594,0.0206227120656549,27.64,43.6,2021-10-11 13:53:41,2.68333333333333,161,2021-10-11 15:53:00,2021-10-11 18:34:00,5,11,6,10,1.5234,1.4729,0.0505,C:/Users/marion.boisseaux/Dropbox/Mon PC (Jaboty20)/Documents/METRADICA/Trait_Data_Cleaning/traits/input/Gmin/input/Metradica/Kaw/input/20211011_gmin.csv
570,Kaw,NA,l,procera,Laetia,Laetia_procera,5.65934905841999,1,1,-0.00243542874143288,96.34,3.74107205767962,0.0206799056317614,27.8142857142857,44,2021-10-11 13:55:03,3.05,183,2021-10-11 14:25:00,2021-10-11 17:28:00,7,11,3,9,3.9376,3.4925,0.4451,C:/Users/marion.boisseaux/Dropbox/Mon PC (Jaboty20)/Documents/METRADICA/Trait_Data_Cleaning/traits/input/Gmin/input/Metradica/Kaw/input/20211011_gmin.csv
571,Kaw,NA,l,guianensis,Carapa,Carapa_guianensis,1.92637590116774,1,1,-3.49884193029786e-4,41.1,3.68374748160991,0.0204591559537752,27.55,43.75,2021-10-11 13:56:45,2.15,129,2021-10-11 16:26:00,2021-10-11 18:35:00,4,11,7,10,1.3989,1.3535,0.0454000000000001,C:/Users/marion.boisseaux/Dropbox/Mon PC (Jaboty20)/Documents/METRADICA/Trait_Data_Cleaning/traits/input/Gmin/input/Metradica/Kaw/input/20211011_gmin.csv
572,Kaw,NA,l,melinonii,Tachigali,Tachigali_melinonii,1.54598539507559,1,1,-8.70856671048739e-5,12.97,3.62326873702733,0.0201070134748863,27.2625,43.75,2021-10-12 14:24:12,3.81666666666667,229,2021-10-12 14:39:00,2021-10-12 18:28:00,8,10,2,9,0.1867,0.1674,0.0193,C:/Users/marion.boisseaux/Dropbox/Mon PC (Jaboty20)/Documents/METRADICA/Trait_Data_Cleaning/traits/input/Gmin/input/Metradica/Kaw/input/20211012_gmin.csv
573,Kaw,NA,l,copaia subsp. copaia,Jacaranda,Jacaranda_copaia subsp. copaia,4.02904267131008,potential_measurement_error,0.99,-1.70537761141835e-4,9.73,3.66414247252771,0.0201396583436834,27.4571428571429,44.2857142857143,2021-10-12 14:27:25,2.68333333333333,161,2021-10-12 14:43:00,2021-10-12 17:24:00,7,10,2,8,0.2487,0.2211,0.0276,C:/Users/marion.boisseaux/Dropbox/Mon PC (Jaboty20)/Documents/METRADICA/Trait_Data_Cleaning/traits/input/Gmin/input/Metradica/Kaw/input/20211012_gmin.csv
574,Kaw,NA,l,melinonii,Tachigali,Tachigali_melinonii,2.15449370375795,1,1,-1.3781621310847e-4,14.71,3.62851655378761,0.0201320805389928,27.2875,43.75,2021-10-12 14:29:23,3.75,225,2021-10-12 14:44:00,2021-10-12 18:29:00,8,10,2,9,0.2413,0.2107,0.0306,C:/Users/marion.boisseaux/Dropbox/Mon PC (Jaboty20)/Documents/METRADICA/Trait_Data_Cleaning/traits/input/Gmin/input/Metradica/Kaw/input/20211012_gmin.csv
575,Kaw,NA,l,melinonii,Tachigali,Tachigali_melinonii,2.14236005970179,1,1,-1.49515900931936e-4,16.05,3.62851655378761,0.0201310362585967,27.2875,43.75,2021-10-12 14:30:33,3.73333333333333,224,2021-10-12 14:45:00,2021-10-12 18:29:00,8,10,2,9,0.337,0.3039,0.0331,C:/Users/marion.boisseaux/Dropbox/Mon PC (Jaboty20)/Documents/METRADICA/Trait_Data_Cleaning/traits/input/Gmin/input/Metradica/Kaw/input/20211012_gmin.csv
576,Kaw,NA,l,stevensonii,Protium,Protium_stevensonii,3.99156296283165,adj.PartofCurve,1,-4.76575649059981e-4,27.38,3.66407924519831,0.0201883892097688,27.4571428571429,44.1428571428571,2021-10-12 14:32:11,2.73333333333333,164,2021-10-12 14:47:00,2021-10-12 17:31:00,7,10,2,8,0.6526,0.5746,0.078,C:/Users/marion.boisseaux/Dropbox/Mon PC (Jaboty20)/Documents/METRADICA/Trait_Data_Cleaning/traits/input/Gmin/input/Metradica/Kaw/input/20211012_gmin.csv
577,Kaw,NA,l,copaia subsp. copaia,Jacaranda,Jacaranda_copaia subsp. copaia,1.44712150232545,1,1,-9.49277025476241e-5,14.85,3.54125123741913,0.02045068073171,26.875,41.5,2021-10-12 14:33:25,1.96666666666667,118,2021-10-12 16:32:00,2021-10-12 18:30:00,4,10,6,9,0.3552,0.3439,0.0113,C:/Users/marion.boisseaux/Dropbox/Mon PC (Jaboty20)/Documents/METRADICA/Trait_Data_Cleaning/traits/input/Gmin/input/Metradica/Kaw/input/20211012_gmin.csv
578,Kaw,NA,l,sagotiana,Iryanthera,Iryanthera_sagotiana,0.699581247569488,1,1,-1.17905116217818e-4,38.13,3.59603718406003,0.0204632181765032,27.1333333333333,42.3333333333333,2021-10-12 14:34:58,2.93333333333333,176,2021-10-12 15:35:00,2021-10-12 18:31:00,6,10,4,9,0.9816,0.9609,0.0207000000000001,C:/Users/marion.boisseaux/Dropbox/Mon PC (Jaboty20)/Documents/METRADICA/Trait_Data_Cleaning/traits/input/Gmin/input/Metradica/Kaw/input/20211012_gmin.csv
579,Kaw,NA,l,membranacea,Licania,Licania_membranacea,2.70490480725627,1,1,-7.50003256753112e-4,63.34,3.62862486488779,0.0202665280120347,27.2875,43.375,2021-10-12 14:37:39,3.65,219,2021-10-12 14:52:00,2021-10-12 18:31:00,8,10,2,9,1.1973,1.0326,0.1647,C:/Users/marion.boisseaux/Dropbox/Mon PC (Jaboty20)/Documents/METRADICA/Trait_Data_Cleaning/traits/input/Gmin/input/Metradica/Kaw/input/20211012_gmin.csv
580,Kaw,NA,l,guianensis,Poraqueiba,Poraqueiba_guianensis,1.79368255631904,1,1,-3.47319440733813e-4,44.2,3.62325394617414,0.0202818463325531,27.2625,43.25,2021-10-12 14:41:00,3.58333333333333,215,2021-10-12 14:56:00,2021-10-12 18:31:00,8,10,2,9,1.1494,1.0736,0.0757999999999999,C:/Users/marion.boisseaux/Dropbox/Mon PC (Jaboty20)/Documents/METRADICA/Trait_Data_Cleaning/traits/input/Gmin/input/Metradica/Kaw/input/20211012_gmin.csv
581,Kaw,NA,l,sagotiana,Iryanthera,Iryanthera_sagotiana,NA,1,1,-1.10247986041503e-4,32.83,3.62239153671058,0.0203124960096055,27.2571428571429,43.1428571428571,2021-10-12 14:42:52,3.55,213,2021-10-12 14:58:00,2021-10-12 18:31:00,7,9,2,8,0.8442,0.8208,0.0234,C:/Users/marion.boisseaux/Dropbox/Mon PC (Jaboty20)/Documents/METRADICA/Trait_Data_Cleaning/traits/input/Gmin/input/Metradica/Kaw/input/20211012_gmin.csv
582,Kaw,228348,l,sagotiana,Iryanthera,Iryanthera_sagotiana,0.740329855684181,1,1,-1.53276054263011e-4,43.86,3.61947381202794,0.0218537851807511,27.25,38.8333333333333,2021-10-13 13:55:44,3.35,201,2021-10-13 14:55:00,2021-10-13 18:16:00,6,10,4,9,0.9782,0.9475,0.0306999999999999,C:/Users/marion.boisseaux/Dropbox/Mon PC (Jaboty20)/Documents/METRADICA/Trait_Data_Cleaning/traits/input/Gmin/input/Metradica/Kaw/input/20211013_gmin.csv
583,Kaw,228463,l,guianensis,Poraqueiba,Poraqueiba_guianensis,2.49049157551391,1,1,-0.00115238959561888,98.75,3.59418822047455,0.0216931888059013,27.1285714285714,38.8571428571429,2021-10-13 13:56:23,3.85,231,2021-10-13 14:26:00,2021-10-13 18:17:00,7,10,3,9,2.0679,1.8029,0.265,C:/Users/marion.boisseaux/Dropbox/Mon PC (Jaboty20)/Documents/METRADICA/Trait_Data_Cleaning/traits/input/Gmin/input/Metradica/Kaw/input/20211013_gmin.csv
584,Kaw,228208,l,hexapetala,Gustavia,Gustavia_hexapetala,0.970106546230863,1,1,-5.24302831658701e-4,113.75,3.63793148840017,0.0219967040430397,27.3375,38.75,2021-10-13 13:58:22,1.53333333333333,92,2021-10-13 14:58:00,2021-10-13 16:30:00,4,10,4,7,2.9211,2.8723,0.0488,C:/Users/marion.boisseaux/Dropbox/Mon PC (Jaboty20)/Documents/METRADICA/Trait_Data_Cleaning/traits/input/Gmin/input/Metradica/Kaw/input/20211013_gmin.csv
585,Kaw,228431,l,coriacea,Eschweilera,Eschweilera_coriacea,1.37686006116726,1,1,-1.59710914025394e-4,24.38,3.63434703440209,0.02202710085352,27.32,38.6,2021-10-13 13:59:10,2.8,168,2021-10-13 15:30:00,2021-10-13 18:18:00,5,10,5,9,0.5496,0.5229,0.0266999999999999,C:/Users/marion.boisseaux/Dropbox/Mon PC (Jaboty20)/Documents/METRADICA/Trait_Data_Cleaning/traits/input/Gmin/input/Metradica/Kaw/input/20211013_gmin.csv
586,Kaw,228391,l,coriacea,Eschweilera,Eschweilera_coriacea,0.706481245146004,1,1,-3.03407122947621e-4,92.06,3.5859381466198,0.0215973473654013,27.0875,39,2021-10-13 13:59:54,4.06666666666667,244,2021-10-13 14:15:00,2021-10-13 18:19:00,8,10,2,9,1.8503,1.7764,0.0739000000000001,C:/Users/marion.boisseaux/Dropbox/Mon PC (Jaboty20)/Documents/METRADICA/Trait_Data_Cleaning/traits/input/Gmin/input/Metradica/Kaw/input/20211013_gmin.csv
587,Kaw,228447,l,prouacensis,Bocoa,Bocoa_prouacensis,2.70538314679102,1,1,-0.00106976708029524,85.07,3.5806082801166,0.0215194052949708,27.0625,39.125,2021-10-13 14:01:19,4.08333333333333,245,2021-10-13 14:16:00,2021-10-13 18:21:00,8,10,2,9,1.722,1.4585,0.2635,C:/Users/marion.boisseaux/Dropbox/Mon PC (Jaboty20)/Documents/METRADICA/Trait_Data_Cleaning/traits/input/Gmin/input/Metradica/Kaw/input/20211013_gmin.csv
588,Kaw,228227,l,hexapetala,Gustavia,Gustavia_hexapetala,0.843546229886045,1,1,-3.18705612217659e-4,79.51,3.63363313953745,0.0219991204641142,27.3166666666667,38.6666666666667,2021-10-13 14:02:11,3.31666666666667,199,2021-10-13 15:02:00,2021-10-13 18:21:00,6,10,4,9,2.0089,1.9456,0.0633000000000001,C:/Users/marion.boisseaux/Dropbox/Mon PC (Jaboty20)/Documents/METRADICA/Trait_Data_Cleaning/traits/input/Gmin/input/Metradica/Kaw/input/20211013_gmin.csv
589,Kaw,228279,l,hexapetala,Gustavia,Gustavia_hexapetala,3.63650559958893,1,1,-6.28566036060041e-4,36.32,3.64696625747721,0.0220326664110338,27.38,38.8,2021-10-13 14:03:17,1.98333333333333,119,2021-10-13 15:03:00,2021-10-13 17:02:00,5,10,4,8,0.8017,0.7279,0.0738,C:/Users/marion.boisseaux/Dropbox/Mon PC (Jaboty20)/Documents/METRADICA/Trait_Data_Cleaning/traits/input/Gmin/input/Metradica/Kaw/input/20211013_gmin.csv
590,Kaw,228529,l,hexapetala,Gustavia,Gustavia_hexapetala,2.65688739016413,adj.PartofCurve,0.99,-0.00100037368927549,80.59,3.59154118182719,0.0216298847966475,27.1142857142857,39,2021-10-13 14:04:05,2.71666666666667,163,2021-10-13 14:21:00,2021-10-13 17:04:00,7,10,2,8,2.1666,2.0034,0.1632,C:/Users/marion.boisseaux/Dropbox/Mon PC (Jaboty20)/Documents/METRADICA/Trait_Data_Cleaning/traits/input/Gmin/input/Metradica/Kaw/input/20211013_gmin.csv
591,Kaw,228580,l,coriacea,Eschweilera,Eschweilera_coriacea,1.18491854171385,adj.PartofCurve,0.99,-2.25592525068368e-4,40.66,3.59143448643026,0.021677793976788,27.1142857142857,38.8571428571429,2021-10-13 14:05:09,2.65,159,2021-10-13 14:25:00,2021-10-13 17:04:00,7,10,2,8,0.8659,0.8316,0.0343,C:/Users/marion.boisseaux/Dropbox/Mon PC (Jaboty20)/Documents/METRADICA/Trait_Data_Cleaning/traits/input/Gmin/input/Metradica/Kaw/input/20211013_gmin.csv
592,Kaw,228337,l,coriacea,Eschweilera,Eschweilera_coriacea,1.18054678009831,1,1,-4.19688616416003e-4,74.7,3.6469879653253,0.0220327971295663,27.38,38.8,2021-10-13 14:06:07,1.98333333333333,119,2021-10-13 15:06:00,2021-10-13 17:05:00,5,9,3,7,1.447,1.3973,0.0497000000000001,C:/Users/marion.boisseaux/Dropbox/Mon PC (Jaboty20)/Documents/METRADICA/Trait_Data_Cleaning/traits/input/Gmin/input/Metradica/Kaw/input/20211013_gmin.csv
593,Kaw,228578,l,coriacea,Eschweilera,Eschweilera_coriacea,0.897746356328907,1,1,-4.23767814885802e-4,101.07,3.5831270791479,0.0216221213805084,27.075,38.875,2021-10-13 14:07:46,4.01666666666667,241,2021-10-13 14:22:00,2021-10-13 18:23:00,8,10,2,9,2.1996000000000002,2.098,0.1016,C:/Users/marion.boisseaux/Dropbox/Mon PC (Jaboty20)/Documents/METRADICA/Trait_Data_Cleaning/traits/input/Gmin/input/Metradica/Kaw/input/20211013_gmin.csv
594,Kaw,228374,l,michelii,Virola,Virola_michelii,5.6987,4,0.98,-0.00632903225806453,100.75,3.56696355641245,0.0215979916118796,27,38.6666666666667,2021-10-13 14:08:44,1.03333333333333,62,2021-10-13 14:37:00,2021-10-13 15:39:00,3,10,3,5,2.2217,1.8293,0.3924,C:/Users/marion.boisseaux/Dropbox/Mon PC (Jaboty20)/Documents/METRADICA/Trait_Data_Cleaning/traits/input/Gmin/input/Metradica/Kaw/input/20211013_gmin.csv
595,Kaw,228344,l,coriacea,Eschweilera,Eschweilera_coriacea,0.702194614973427,1,1,-4.33290395559728e-4,131.85,3.58300600907506,0.0216664461887362,27.075,38.75,2021-10-13 14:10:16,4,240,2021-10-13 14:25:00,2021-10-13 18:25:00,8,10,2,9,2.8115,2.7087,0.1028,C:/Users/marion.boisseaux/Dropbox/Mon PC (Jaboty20)/Documents/METRADICA/Trait_Data_Cleaning/traits/input/Gmin/input/Metradica/Kaw/input/20211013_gmin.csv
596,Kaw,228576,l,coriacea,Eschweilera,Eschweilera_coriacea,1.03820086019741,1,1,-5.01430844583675e-4,103.21,3.59743391367627,0.0216647724390279,27.1428571428571,39,2021-10-13 14:12:22,2.75,165,2021-10-13 14:27:00,2021-10-13 17:12:00,7,10,2,8,3.0489,2.9687,0.0802,C:/Users/marion.boisseaux/Dropbox/Mon PC (Jaboty20)/Documents/METRADICA/Trait_Data_Cleaning/traits/input/Gmin/input/Metradica/Kaw/input/20211013_gmin.csv
597,Kaw,228575,l,coriacea,Eschweilera,Eschweilera_coriacea,0.862027621757939,1,1,-1.41153921355338e-4,35.01,3.5883630105831,0.021653390280913,27.1,38.875,2021-10-13 14:13:38,3.96666666666667,238,2021-10-13 14:28:00,2021-10-13 18:26:00,8,10,2,9,0.8192,0.7857,0.0335000000000001,C:/Users/marion.boisseaux/Dropbox/Mon PC (Jaboty20)/Documents/METRADICA/Trait_Data_Cleaning/traits/input/Gmin/input/Metradica/Kaw/input/20211013_gmin.csv
598,Kaw,228574,l,coriacea,Eschweilera,Eschweilera_coriacea,1.51583743798147,1,1,-0.00130946877588649,182.41,3.61746410654745,0.0219250263344567,27.24,38.6,2021-10-13 14:17:57,2.63333333333333,158,2021-10-13 15:48:00,2021-10-13 18:26:00,5,10,5,9,3.5367,3.3306,0.2061,C:/Users/marion.boisseaux/Dropbox/Mon PC (Jaboty20)/Documents/METRADICA/Trait_Data_Cleaning/traits/input/Gmin/input/Metradica/Kaw/input/20211013_gmin.csv
599,Kaw,228608,l,coriacea,Eschweilera,Eschweilera_coriacea,1.73308047801526,1,1,-2.31865961460221e-4,28.21,3.62659800644307,0.0219564149671178,27.2833333333333,38.6666666666667,2021-10-13 14:18:29,3.11666666666667,187,2021-10-13 15:20:00,2021-10-13 18:27:00,6,10,4,9,0.7895,0.7461,0.0434,C:/Users/marion.boisseaux/Dropbox/Mon PC (Jaboty20)/Documents/METRADICA/Trait_Data_Cleaning/traits/input/Gmin/input/Metradica/Kaw/input/20211013_gmin.csv
600,Kaw,228495,l,michelii,Virola,Virola_michelii,7.6725615314268,1,1,-0.003980478714111,109.4,3.64588917384985,0.0219545152620771,27.375,39,2021-10-13 14:19:00,1.46666666666667,88,2021-10-13 15:20:00,2021-10-13 16:48:00,4,10,4,7,1.8891,1.5398,0.3493,C:/Users/marion.boisseaux/Dropbox/Mon PC (Jaboty20)/Documents/METRADICA/Trait_Data_Cleaning/traits/input/Gmin/input/Metradica/Kaw/input/20211013_gmin.csv
601,Kaw,NA,l,heteromorphus,Hymenopus,Hymenopus_heteromorphus,6.91699555173887,1,1,-0.00362545020704365,103.18,3.80011404424594,0.0235177177428166,28.0833333333333,37.3333333333333,2021-10-14 14:36:12,2.2725,136.35,2021-10-14 14:50:43,2021-10-14 17:07:04,6,10,2,7,2.7595,2.2642,0.4953,C:/Users/marion.boisseaux/Dropbox/Mon PC (Jaboty20)/Documents/METRADICA/Trait_Data_Cleaning/traits/input/Gmin/input/Metradica/Kaw/input/20211014_gmin.csv
602,Kaw,NA,l,heteromorphus,Hymenopus,Hymenopus_heteromorphus,3.16496677874683,1,1,-0.00163369848124076,100.77,3.77958626919781,0.0237147057216722,27.9857142857143,36.4285714285714,2021-10-14 14:37:32,3.69333333333333,221.6,2021-10-14 15:06:09,2021-10-14 18:47:45,7,10,3,9,2.2007,1.8384,0.3623,C:/Users/marion.boisseaux/Dropbox/Mon PC (Jaboty20)/Documents/METRADICA/Trait_Data_Cleaning/traits/input/Gmin/input/Metradica/Kaw/input/20211014_gmin.csv
603,Kaw,NA,l,opacum subsp. rabelianum,Protium,Protium_opacum subsp. rabelianum,2.77556219886107,1,1,-0.00153534064185935,106.52,3.76163840085129,0.0240419048065929,27.9,35.25,2021-10-14 14:38:39,2.17055555555556,130.233333333333,2021-10-14 16:38:30,2021-10-14 18:48:44,4,10,6,9,1.5705,1.3692,0.2013,C:/Users/marion.boisseaux/Dropbox/Mon PC (Jaboty20)/Documents/METRADICA/Trait_Data_Cleaning/traits/input/Gmin/input/Metradica/Kaw/input/20211014_gmin.csv
604,Kaw,NA,l,heteromorphus,Hymenopus,Hymenopus_heteromorphus,3.9234816131223,1,1,-0.00125829274430724,63.08,3.77728287625388,0.0235377331473027,27.975,36.875,2021-10-14 14:39:51,3.95888888888889,237.533333333333,2021-10-14 14:54:01,2021-10-14 18:51:33,8,10,2,9,1.5538,1.2535,0.3003,C:/Users/marion.boisseaux/Dropbox/Mon PC (Jaboty20)/Documents/METRADICA/Trait_Data_Cleaning/traits/input/Gmin/input/Metradica/Kaw/input/20211014_gmin.csv
605,Kaw,NA,l,globulifera,Symphonia,Symphonia_globulifera,2.66822109472642,1,1,-5.16475294211286e-4,37.75,3.78296082334696,0.0237387054229159,28,36.4285714285714,2021-10-14 14:40:39,3.705,222.3,2021-10-14 15:09:59,2021-10-14 18:52:17,7,10,3,9,1.466,1.3501,0.1159,C:/Users/marion.boisseaux/Dropbox/Mon PC (Jaboty20)/Documents/METRADICA/Trait_Data_Cleaning/traits/input/Gmin/input/Metradica/Kaw/input/20211014_gmin.csv
606,Kaw,NA,l,opacum subsp. rabelianum,Protium,Protium_opacum subsp. rabelianum,7.77806103214526,rapid_weight_loss,1,-0.00174127908152489,44.12,3.77728287625388,0.0234913394908318,27.975,37,2021-10-14 14:41:41,3.94638888888889,236.783333333333,2021-10-14 14:56:20,2021-10-14 18:53:07,8,10,2,9,1.0387,0.6349,0.4038,C:/Users/marion.boisseaux/Dropbox/Mon PC (Jaboty20)/Documents/METRADICA/Trait_Data_Cleaning/traits/input/Gmin/input/Metradica/Kaw/input/20211014_gmin.csv
607,Kaw,NA,l,guianensis,Carapa,Carapa_guianensis,2.52172665812883,1,1,-0.0013696153660878,105.84,3.81942009418948,0.0237572970505246,28.1714285714286,37,2021-10-14 14:42:17,2.79444444444444,167.666666666667,2021-10-14 14:56:53,2021-10-14 17:44:33,7,10,2,8,3.0524,2.8223,0.2301,C:/Users/marion.boisseaux/Dropbox/Mon PC (Jaboty20)/Documents/METRADICA/Trait_Data_Cleaning/traits/input/Gmin/input/Metradica/Kaw/input/20211014_gmin.csv
608,Kaw,NA,l,guianensis,Carapa,Carapa_guianensis,1.77544631809581,1,1,-4.56288896903678e-4,50.18,3.82209568688964,0.0237108949958493,28.1833333333333,37.1666666666667,2021-10-14 14:42:54,2.24222222222222,134.533333333333,2021-10-14 14:57:25,2021-10-14 17:11:57,6,10,2,7,1.2957,1.2358,0.0599000000000001,C:/Users/marion.boisseaux/Dropbox/Mon PC (Jaboty20)/Documents/METRADICA/Trait_Data_Cleaning/traits/input/Gmin/input/Metradica/Kaw/input/20211014_gmin.csv
609,Kaw,NA,l,guianensis,Carapa,Carapa_guianensis,2.49454037977277,1,1,-7.13309041734431e-4,55.98,3.78001652347587,0.0236483337196178,27.9875,36.625,2021-10-14 14:43:36,3.95472222222222,237.283333333333,2021-10-14 14:57:57,2021-10-14 18:55:14,8,10,2,9,1.7112,1.5422,0.169,C:/Users/marion.boisseaux/Dropbox/Mon PC (Jaboty20)/Documents/METRADICA/Trait_Data_Cleaning/traits/input/Gmin/input/Metradica/Kaw/input/20211014_gmin.csv
610,Kaw,NA,l,globulifera,Symphonia,Symphonia_globulifera,2.98446733177651,adj.PartofCurve,1,-5.13940634097538e-4,33.78,3.78001652347587,0.0236011263652484,27.9875,36.75,2021-10-14 14:44:17,3.95666666666667,237.4,2021-10-14 14:58:31,2021-10-14 18:55:55,8,10,2,9,1.2924,1.17,0.1224,C:/Users/marion.boisseaux/Dropbox/Mon PC (Jaboty20)/Documents/METRADICA/Trait_Data_Cleaning/traits/input/Gmin/input/Metradica/Kaw/input/20211014_gmin.csv
611,Kaw,NA,l,globulifera,Symphonia,Symphonia_globulifera,2.33670919257587,1,1,-4.17497014703547e-4,34.69,3.816264041947,0.0238446337631057,28.1571428571429,36.7142857142857,2021-10-14 14:45:00,2.80805555555556,168.483333333333,2021-10-14 14:59:08,2021-10-14 17:47:37,7,10,2,8,1.6762,1.6061,0.0700999999999998,C:/Users/marion.boisseaux/Dropbox/Mon PC (Jaboty20)/Documents/METRADICA/Trait_Data_Cleaning/traits/input/Gmin/input/Metradica/Kaw/input/20211014_gmin.csv
612,Kaw,NA,l,globulifera,Symphonia,Symphonia_globulifera,4.30549492320095,1,1,-4.82433270591142e-4,21.98,3.78001652347587,0.0236011263652484,27.9875,36.75,2021-10-14 14:45:42,3.95722222222222,237.433333333333,2021-10-14 14:59:45,2021-10-14 18:57:11,8,10,2,9,0.7921,0.6786,0.1135,C:/Users/marion.boisseaux/Dropbox/Mon PC (Jaboty20)/Documents/METRADICA/Trait_Data_Cleaning/traits/input/Gmin/input/Metradica/Kaw/input/20211014_gmin.csv
613,Kaw,NA,l,globulifera,Symphonia,Symphonia_globulifera,1.77830877620261,1,1,-3.12398490171177e-4,34.46,3.78001652347587,0.0236011263652484,27.9875,36.75,2021-10-14 14:46:30,3.95527777777778,237.316666666667,2021-10-14 15:00:33,2021-10-14 18:57:52,8,10,2,9,1.3694,1.2952,0.0742,C:/Users/marion.boisseaux/Dropbox/Mon PC (Jaboty20)/Documents/METRADICA/Trait_Data_Cleaning/traits/input/Gmin/input/Metradica/Kaw/input/20211014_gmin.csv
614,Kaw,NA,Pteoff,officinalis,Pterocarpus,Pterocarpus_officinalis,0.97840376760915,adj.PartofCurve,1,-1.9791084590197e-4,40.06,3.92950329610373,0.0233768926518373,28.6571428571429,39.7142857142857,2021-10-18 14:59:56,2.73333333333333,164,2021-10-18 15:16:00,2021-10-18 18:00:00,7,9,2,8,0.7945,0.7619,0.0326,C:/Users/marion.boisseaux/Dropbox/Mon PC (Jaboty20)/Documents/METRADICA/Trait_Data_Cleaning/traits/input/Gmin/input/Metradica/Kaw/input/20211018_gmin.csv
615,Kaw,NA,Pteoff,officinalis,Pterocarpus,Pterocarpus_officinalis,1.08832825192651,adj.PartofCurve,1,-1.06281311913985e-4,19.34,3.92950329610373,0.0233768926518373,28.6571428571429,39.7142857142857,2021-10-18 15:01:20,2.73333333333333,164,2021-10-18 15:16:00,2021-10-18 18:00:00,7,9,2,8,0.475,0.4575,0.0175,C:/Users/marion.boisseaux/Dropbox/Mon PC (Jaboty20)/Documents/METRADICA/Trait_Data_Cleaning/traits/input/Gmin/input/Metradica/Kaw/input/20211018_gmin.csv
616,Kaw,NA,Pteoff,guianensis,Carapa,Carapa_guianensis,1.88390853528534,potential_measurement_error,1,-4.76719369797194e-4,50.28,3.85372240623884,0.0232998950258285,28.325,38.75,2021-10-18 15:02:56,1.48333333333333,89,2021-10-18 16:32:00,2021-10-18 18:01:00,4,9,5,8,1.6519,1.6092,0.0427,C:/Users/marion.boisseaux/Dropbox/Mon PC (Jaboty20)/Documents/METRADICA/Trait_Data_Cleaning/traits/input/Gmin/input/Metradica/Kaw/input/20211018_gmin.csv
617,Kaw,NA,Pteoff,officinalis,Pterocarpus,Pterocarpus_officinalis,2.77828117260497,adj.PartofCurve,1,-1.96897525499349e-4,13.98,3.92626633836776,0.0234694623002007,28.6428571428571,39.4285714285714,2021-10-18 15:04:24,2.7,162,2021-10-18 15:21:00,2021-10-18 18:03:00,7,9,2,8,0.3386,0.308,0.0306,C:/Users/marion.boisseaux/Dropbox/Mon PC (Jaboty20)/Documents/METRADICA/Trait_Data_Cleaning/traits/input/Gmin/input/Metradica/Kaw/input/20211018_gmin.csv
618,Kaw,NA,l,officinalis,Pterocarpus,Pterocarpus_officinalis,2.21411078268171,adj.PartofCurve,1,-1.05756626536337e-4,9.43,3.92298000844633,0.0234499973648319,28.6285714285714,39.4285714285714,2021-10-18 15:05:59,2.75,165,2021-10-18 15:21:00,2021-10-18 18:06:00,7,9,2,8,0.1766,0.1593,0.0173,C:/Users/marion.boisseaux/Dropbox/Mon PC (Jaboty20)/Documents/METRADICA/Trait_Data_Cleaning/traits/input/Gmin/input/Metradica/Kaw/input/20211018_gmin.csv
619,Kaw,NA,l,officinalis,Pterocarpus,Pterocarpus_officinalis,1.44191289383514,adj.PartofCurve,1,-4.2138614492384e-4,57.75,3.91975936934844,0.0234280146489069,28.6142857142857,39.4285714285714,2021-10-18 15:08:35,2.71666666666667,163,2021-10-18 15:24:00,2021-10-18 18:07:00,7,9,2,8,1.2032,1.1349,0.0683,C:/Users/marion.boisseaux/Dropbox/Mon PC (Jaboty20)/Documents/METRADICA/Trait_Data_Cleaning/traits/input/Gmin/input/Metradica/Kaw/input/20211018_gmin.csv
620,Kaw,NA,l,officinalis,Pterocarpus,Pterocarpus_officinalis,1.93770571304431,adj.PartofCurve,1,-1.56826826196473e-4,16.02,3.9131034441118002,0.0233892486480222,28.5857142857143,39.4285714285714,2021-10-18 15:11:02,2.75,165,2021-10-18 15:25:00,2021-10-18 18:10:00,7,9,2,8,0.2896,0.2636,0.026,C:/Users/marion.boisseaux/Dropbox/Mon PC (Jaboty20)/Documents/METRADICA/Trait_Data_Cleaning/traits/input/Gmin/input/Metradica/Kaw/input/20211018_gmin.csv
621,Kaw,NA,l,officinalis,Pterocarpus,Pterocarpus_officinalis,2.57796907438346,adj.PartofCurve,1,-3.13919929608446e-4,23.61,3.9131034441118002,0.0238776425716399,28.5857142857143,38.1428571428571,2021-10-18 15:12:17,2.75,165,2021-10-18 15:26:00,2021-10-18 18:11:00,7,9,2,8,0.4351,0.3835,0.0516,C:/Users/marion.boisseaux/Dropbox/Mon PC (Jaboty20)/Documents/METRADICA/Trait_Data_Cleaning/traits/input/Gmin/input/Metradica/Kaw/input/20211018_gmin.csv
622,Kaw,NA,l,officinalis,Pterocarpus,Pterocarpus_officinalis,2.30042384358674,adj.PartofCurve,1,-1.45380244755245e-4,12.55,3.90994739186932,0.0233131017068487,28.5714285714286,39.5714285714286,2021-10-18 15:13:17,2.75,165,2021-10-18 15:28:00,2021-10-18 18:13:00,7,9,2,8,0.2106,0.1866,0.024,C:/Users/marion.boisseaux/Dropbox/Mon PC (Jaboty20)/Documents/METRADICA/Trait_Data_Cleaning/traits/input/Gmin/input/Metradica/Kaw/input/20211018_gmin.csv
623,Kaw,NA,l,officinalis,Pterocarpus,Pterocarpus_officinalis,3.05274454736018,1,1,-1.54705298720219e-4,10.08,3.9131034441118002,0.0232755762142068,28.5857142857143,39.7142857142857,2021-10-18 15:14:10,2.75,165,2021-10-18 15:28:00,2021-10-18 18:13:00,7,9,2,8,0.2138,0.1883,0.0255,C:/Users/marion.boisseaux/Dropbox/Mon PC (Jaboty20)/Documents/METRADICA/Trait_Data_Cleaning/traits/input/Gmin/input/Metradica/Kaw/input/20211018_gmin.csv
624,Kaw,NA,l,officinalis,Pterocarpus,Pterocarpus_officinalis,0.97399894131733,1,1,-1.2339232888539e-4,25.24,3.90664446503092,0.0232373486726805,28.5571428571429,39.7142857142857,2021-10-18 15:15:30,2.75,165,2021-10-18 15:29:00,2021-10-18 18:14:00,7,9,2,8,0.4563,0.4362,0.0201,C:/Users/marion.boisseaux/Dropbox/Mon PC (Jaboty20)/Documents/METRADICA/Trait_Data_Cleaning/traits/input/Gmin/input/Metradica/Kaw/input/20211018_gmin.csv
625,Kaw,NA,l,copaia subsp. copaia,Jacaranda,Jacaranda_copaia subsp. copaia,4.22384153705555,1,1,-8.0690797868238e-5,3.95,3.69415305626903,0.0223905904512412,27.6,38.6,2021-10-19 15:36:50,2.03444444444444,122.066666666667,2021-10-19 16:35:45,2021-10-19 18:37:49,5,9,4,8,0.0657,0.0557,0.01,C:/Users/marion.boisseaux/Dropbox/Mon PC (Jaboty20)/Documents/METRADICA/Trait_Data_Cleaning/traits/input/Gmin/input/Metradica/Kaw/input/20211019_gmin.csv
626,Kaw,NA,l,procera,Laetia,Laetia_procera,4.9071640803459,1,1,-0.00134189693101749,56.45,3.69415855330825,0.0224269844817504,27.6,38.5,2021-10-19 15:38:38,1.55444444444444,93.2666666666667,2021-10-19 16:36:30,2021-10-19 18:09:46,4,9,4,7,2.252,2.1257,0.1263,C:/Users/marion.boisseaux/Dropbox/Mon PC (Jaboty20)/Documents/METRADICA/Trait_Data_Cleaning/traits/input/Gmin/input/Metradica/Kaw/input/20211019_gmin.csv
627,Kaw,NA,l,procera,Laetia,Laetia_procera,3.96032735519839,1,1,-8.03724475901378e-4,42.1,3.69415305626903,0.0223172285765757,27.6,38.8,2021-10-19 15:39:49,2.00583333333333,120.35,2021-10-19 16:39:13,2021-10-19 18:39:34,5,9,4,8,1.6487,1.5532,0.0955000000000001,C:/Users/marion.boisseaux/Dropbox/Mon PC (Jaboty20)/Documents/METRADICA/Trait_Data_Cleaning/traits/input/Gmin/input/Metradica/Kaw/input/20211019_gmin.csv
628,Kaw,NA,l,procera,Laetia,Laetia_procera,3.13983562911896,1,1,-0.00101438655025441,67.24,3.69415855330825,0.0222441140469054,27.6,39,2021-10-19 15:41:46,1.50055555555556,90.0333333333333,2021-10-19 17:11:32,2021-10-19 18:41:34,4,9,5,8,2.4718,2.38,0.0918000000000001,C:/Users/marion.boisseaux/Dropbox/Mon PC (Jaboty20)/Documents/METRADICA/Trait_Data_Cleaning/traits/input/Gmin/input/Metradica/Kaw/input/20211019_gmin.csv
629,Kaw,NA,l,falcata,Eperua,Eperua_falcata,2.47224296529358,1,1,-3.29259273815981e-4,27.66,3.68982347952976,0.022291584489275,27.58,38.8,2021-10-19 15:42:59,2.00527777777778,120.316666666667,2021-10-19 16:42:36,2021-10-19 18:42:55,5,9,4,8,0.5419,0.5025,0.0394000000000001,C:/Users/marion.boisseaux/Dropbox/Mon PC (Jaboty20)/Documents/METRADICA/Trait_Data_Cleaning/traits/input/Gmin/input/Metradica/Kaw/input/20211019_gmin.csv
630,Kaw,NA,l,falcata,Eperua,Eperua_falcata,1.15113935844405,1,1,-1.31064507538935e-4,23.6,3.69415855330825,0.0223352821384185,27.6,38.75,2021-10-19 15:44:20,1.50861111111111,90.5166666666667,2021-10-19 17:13:18,2021-10-19 18:43:49,4,9,5,8,0.4551,0.4433,0.0118,C:/Users/marion.boisseaux/Dropbox/Mon PC (Jaboty20)/Documents/METRADICA/Trait_Data_Cleaning/traits/input/Gmin/input/Metradica/Kaw/input/20211019_gmin.csv
631,Kaw,NA,l,falcata,Eperua,Eperua_falcata,2.04401219435494,1,1,-2.97155290003025e-4,30.06,3.69415305626903,0.0223901630497862,27.6,38.6,2021-10-19 15:45:26,2.00222222222222,120.133333333333,2021-10-19 16:44:08,2021-10-19 18:44:16,5,9,4,8,0.7179,0.6821,0.0357999999999999,C:/Users/marion.boisseaux/Dropbox/Mon PC (Jaboty20)/Documents/METRADICA/Trait_Data_Cleaning/traits/input/Gmin/input/Metradica/Kaw/input/20211019_gmin.csv
632,Kaw,NA,l,falcata,Eperua,Eperua_falcata,1.73348269222127,1,1,-2.983498151166e-4,35.82,3.69415305626903,0.0222447193342222,27.6,39,2021-10-19 15:47:02,1.99,119.4,2021-10-19 16:46:18,2021-10-19 18:45:42,5,9,4,8,0.6355,0.6004,0.0350999999999999,C:/Users/marion.boisseaux/Dropbox/Mon PC (Jaboty20)/Documents/METRADICA/Trait_Data_Cleaning/traits/input/Gmin/input/Metradica/Kaw/input/20211019_gmin.csv
633,Kaw,NA,l,procera,Laetia,Laetia_procera,2.51709783285008,1,1,-7.7045774803739e-4,63.63,3.69846064485139,0.022270658416505,27.62,39,2021-10-19 15:48:35,1.9925,119.55,2021-10-19 16:49:25,2021-10-19 18:48:58,5,9,4,8,2.3837,2.2909,0.0928,C:/Users/marion.boisseaux/Dropbox/Mon PC (Jaboty20)/Documents/METRADICA/Trait_Data_Cleaning/traits/input/Gmin/input/Metradica/Kaw/input/20211019_gmin.csv
634,Kaw,NA,l,falcata,Eperua,Eperua_falcata,1.47584759937059,1,1,-2.7080842581184e-4,38.27,3.69846064485139,0.0221977239432945,27.62,39.2,2021-10-19 15:50:03,1.98972222222222,119.383333333333,2021-10-19 16:50:00,2021-10-19 18:49:23,5,9,4,8,0.7654,0.7328,0.0326,C:/Users/marion.boisseaux/Dropbox/Mon PC (Jaboty20)/Documents/METRADICA/Trait_Data_Cleaning/traits/input/Gmin/input/Metradica/Kaw/input/20211019_gmin.csv
635,Kaw,NA,l,falcata,Eperua,Eperua_falcata,4.44484494896909,1,1,-5.34571045626738e-4,25.05,3.70134702934423,0.0222273319149092,27.6333333333333,39.1666666666667,2021-10-19 15:51:20,2.49194444444444,149.516666666667,2021-10-19 16:20:56,2021-10-19 18:50:27,6,9,3,8,0.4375,0.3574,0.0801,C:/Users/marion.boisseaux/Dropbox/Mon PC (Jaboty20)/Documents/METRADICA/Trait_Data_Cleaning/traits/input/Gmin/input/Metradica/Kaw/input/20211019_gmin.csv
636,Kaw,NA,l,falcata,Eperua,Eperua_falcata,1.33776640773223,1,1,-2.12851214037984e-4,32.98,3.69415855330825,0.0223352821384185,27.6,38.75,2021-10-19 15:52:33,1.50111111111111,90.0666666666667,2021-10-19 16:51:26,2021-10-19 18:21:30,4,9,4,7,0.6146,0.5955,0.0191,C:/Users/marion.boisseaux/Dropbox/Mon PC (Jaboty20)/Documents/METRADICA/Trait_Data_Cleaning/traits/input/Gmin/input/Metradica/Kaw/input/20211019_gmin.csv
637,Kaw,NA,l,falcata,Eperua,Eperua_falcata,1.81382032404632,1,1,-2.56601482933963e-4,29.54,3.69415305626903,0.0221717848610117,27.6,39.2,2021-10-19 15:53:27,1.99111111111111,119.466666666667,2021-10-19 16:53:12,2021-10-19 18:52:40,5,9,4,8,0.5362,0.5056,0.0306,C:/Users/marion.boisseaux/Dropbox/Mon PC (Jaboty20)/Documents/METRADICA/Trait_Data_Cleaning/traits/input/Gmin/input/Metradica/Kaw/input/20211019_gmin.csv
638,Kaw,NA,l,falcata,Eperua,Eperua_falcata,2.05235100631758,1,0.99,-3.07820863685731e-4,31.27,3.69775737219226,0.0222057160130069,27.6166666666667,39.1666666666667,2021-10-19 15:54:55,2.46277777777778,147.766666666667,2021-10-19 16:25:51,2021-10-19 18:53:37,6,9,3,8,0.5735,0.5271,0.0464,C:/Users/marion.boisseaux/Dropbox/Mon PC (Jaboty20)/Documents/METRADICA/Trait_Data_Cleaning/traits/input/Gmin/input/Metradica/Kaw/input/20211019_gmin.csv
639,Kaw,NA,l,falcata,Eperua,Eperua_falcata,1.0815458996435,1,1,-1.53752529493898e-4,29.69,3.68123019677296,0.0221673289242991,27.54,39,2021-10-19 15:57:56,1.98861111111111,119.316666666667,2021-10-19 16:58:42,2021-10-19 18:58:01,5,9,4,8,0.4932,0.4746,0.0186,C:/Users/marion.boisseaux/Dropbox/Mon PC (Jaboty20)/Documents/METRADICA/Trait_Data_Cleaning/traits/input/Gmin/input/Metradica/Kaw/input/20211019_gmin.csv
640,Kaw,NA,l,melinonii,Tachigali,Tachigali_melinonii,2.03612749803477,1,1,-1.19648466637306e-4,12.25,3.68800871482648,0.0222081472462404,27.5714285714286,39,2021-10-19 15:59:13,2.74222222222222,164.533333333333,2021-10-19 16:13:55,2021-10-19 18:58:27,7,9,2,8,0.217,0.1971,0.0199,C:/Users/marion.boisseaux/Dropbox/Mon PC (Jaboty20)/Documents/METRADICA/Trait_Data_Cleaning/traits/input/Gmin/input/Metradica/Kaw/input/20211019_gmin.csv
641,Kaw,NA,l,melinonii,Tachigali,Tachigali_melinonii,3.47885914764402,adj.PartofCurve,0.99,-3.59962155983196e-4,21.52,3.68800871482648,0.0222599395622071,27.5714285714286,38.8571428571429,2021-10-19 16:00:08,2.75416666666667,165.25,2021-10-19 16:14:24,2021-10-19 18:59:39,7,9,2,8,0.3871,0.33,0.0571,C:/Users/marion.boisseaux/Dropbox/Mon PC (Jaboty20)/Documents/METRADICA/Trait_Data_Cleaning/traits/input/Gmin/input/Metradica/Kaw/input/20211019_gmin.csv
642,Kaw,NA,l,melinonii,Tachigali,Tachigali_melinonii,2.29884784712079,adj.PartofCurve,1,-1.24572237857026e-4,11.28,3.68123019677296,0.0222406864670234,27.54,38.8,2021-10-19 16:02:20,1.99361111111111,119.616666666667,2021-10-19 17:01:44,2021-10-19 19:01:21,5,9,4,8,0.1952,0.1803,0.0149,C:/Users/marion.boisseaux/Dropbox/Mon PC (Jaboty20)/Documents/METRADICA/Trait_Data_Cleaning/traits/input/Gmin/input/Metradica/Kaw/input/20211019_gmin.csv
643,Kaw,NA,l,copaia subsp. copaia,Jacaranda,Jacaranda_copaia subsp. copaia,3.17439496357907,1,1,-5.50086032298121e-4,36.37,3.67800497893816,0.0220583286939155,27.525,39.25,2021-10-19 16:04:19,1.49666666666667,89.8,2021-10-19 17:33:08,2021-10-19 19:02:56,4,9,5,8,0.7132,0.6635,0.0497,C:/Users/marion.boisseaux/Dropbox/Mon PC (Jaboty20)/Documents/METRADICA/Trait_Data_Cleaning/traits/input/Gmin/input/Metradica/Kaw/input/20211019_gmin.csv
644,Kaw,NA,l,copaia subsp. copaia,Jacaranda,Jacaranda_copaia subsp. copaia,2.72033116818871,1,1,-1.69959567682891e-4,12.37,3.85181534332554,0.023383008604436,28.3166666666667,38.5,2021-10-20 15:07:39,2.41361111111111,144.816666666667,2021-10-20 15:43:21,2021-10-20 18:08:10,6,9,3,8,0.3247,0.2999,0.0248,C:/Users/marion.boisseaux/Dropbox/Mon PC (Jaboty20)/Documents/METRADICA/Trait_Data_Cleaning/traits/input/Gmin/input/Metradica/Kaw/input/20211020_gmin.csv
645,Kaw,NA,l,hostmannii,Iryanthera,Iryanthera_hostmannii,1.12637788516307,1,1,-2.68859011319807e-4,47.73,3.8354899009365,0.023152361592542,28.2428571428571,38.8571428571429,2021-10-20 15:08:37,2.6425,158.55,2021-10-20 15:29:56,2021-10-20 18:08:29,7,9,2,8,1.0919,1.049,0.0429000000000002,C:/Users/marion.boisseaux/Dropbox/Mon PC (Jaboty20)/Documents/METRADICA/Trait_Data_Cleaning/traits/input/Gmin/input/Metradica/Kaw/input/20211020_gmin.csv
646,Kaw,NA,l,hostmannii,Iryanthera,Iryanthera_hostmannii,0.986045913440865,1,1,-2.10053105245064e-4,42.5,3.83544197293351,0.0232054122091542,28.2428571428571,38.7142857142857,2021-10-20 15:09:33,2.64833333333333,158.9,2021-10-20 15:30:36,2021-10-20 18:09:30,7,9,2,8,0.9573,0.9241,0.0332,C:/Users/marion.boisseaux/Dropbox/Mon PC (Jaboty20)/Documents/METRADICA/Trait_Data_Cleaning/traits/input/Gmin/input/Metradica/Kaw/input/20211020_gmin.csv
647,Kaw,NA,l,hostmannii,Iryanthera,Iryanthera_hostmannii,0.751688265198073,1,1,-9.3773008439473e-5,24.83,3.83544197293351,0.0232599945273659,28.2428571428571,38.5714285714286,2021-10-20 15:10:45,2.64888888888889,158.933333333333,2021-10-20 15:30:58,2021-10-20 18:09:54,7,9,2,8,0.5257,0.5107,0.0149999999999999,C:/Users/marion.boisseaux/Dropbox/Mon PC (Jaboty20)/Documents/METRADICA/Trait_Data_Cleaning/traits/input/Gmin/input/Metradica/Kaw/input/20211020_gmin.csv
648,Kaw,NA,l,hostmannii,Iryanthera,Iryanthera_hostmannii,1.27222796868033,1,1,-5.31414562323272e-4,82.95,3.83544197293351,0.0233130111177534,28.2428571428571,38.4285714285714,2021-10-20 15:12:12,2.67944444444444,160.766666666667,2021-10-20 15:31:24,2021-10-20 18:12:10,7,9,2,8,1.8324,1.7479,0.0845,C:/Users/marion.boisseaux/Dropbox/Mon PC (Jaboty20)/Documents/METRADICA/Trait_Data_Cleaning/traits/input/Gmin/input/Metradica/Kaw/input/20211020_gmin.csv
649,Kaw,NA,l,hostmannii,Iryanthera,Iryanthera_hostmannii,0.84948943498058,1,1,-2.33069455541741e-4,54.15,3.8322375834763,0.023457145817073,28.2285714285714,38,2021-10-20 15:14:58,2.72055555555556,163.233333333333,2021-10-20 15:31:52,2021-10-20 18:15:06,7,9,2,8,1.2327,1.1949,0.0377999999999998,C:/Users/marion.boisseaux/Dropbox/Mon PC (Jaboty20)/Documents/METRADICA/Trait_Data_Cleaning/traits/input/Gmin/input/Metradica/Kaw/input/20211020_gmin.csv
650,Kaw,NA,l,hostmannii,Iryanthera,Iryanthera_hostmannii,1.35541162116634,1,1,-3.84237912779244e-4,55.95,3.8322375834763,0.023457145817073,28.2285714285714,38,2021-10-20 15:16:36,2.72388888888889,163.433333333333,2021-10-20 15:32:16,2021-10-20 18:15:42,7,9,2,8,1.3236,1.2614,0.0622,C:/Users/marion.boisseaux/Dropbox/Mon PC (Jaboty20)/Documents/METRADICA/Trait_Data_Cleaning/traits/input/Gmin/input/Metradica/Kaw/input/20211020_gmin.csv
651,Kaw,NA,l,copaia subsp. copaia,Jacaranda,Jacaranda_copaia subsp. copaia,2.14743196657538,1,1,-2.72984266654535e-4,24.8,3.85255546713251,0.0237308214475768,28.32,37.6,2021-10-20 15:17:48,1.9775,118.65,2021-10-20 16:17:55,2021-10-20 18:16:34,5,9,4,8,0.6258,0.5929,0.0329,C:/Users/marion.boisseaux/Dropbox/Mon PC (Jaboty20)/Documents/METRADICA/Trait_Data_Cleaning/traits/input/Gmin/input/Metradica/Kaw/input/20211020_gmin.csv
652,Kaw,NA,l,copaia subsp. copaia,Jacaranda,Jacaranda_copaia subsp. copaia,8.68824866695935,1,0.99,-7.65445857932657e-4,17.18,3.84808628781753,0.0237413452835003,28.3,37.5,2021-10-20 15:19:11,1.51777777777778,91.0666666666667,2021-10-20 16:49:07,2021-10-20 18:20:11,4,9,5,8,0.4397,0.3697,0.07,C:/Users/marion.boisseaux/Dropbox/Mon PC (Jaboty20)/Documents/METRADICA/Trait_Data_Cleaning/traits/input/Gmin/input/Metradica/Kaw/input/20211020_gmin.csv
653,Kaw,NA,l,hostmannii,Iryanthera,Iryanthera_hostmannii,5.58817494177821,adj.PartofCurve,1,-0.00311458842891495,109.07,3.83854975604982,0.0236576503038287,28.2571428571429,37.5714285714286,2021-10-20 15:22:12,2.72888888888889,163.733333333333,2021-10-20 15:37:05,2021-10-20 18:20:49,7,9,2,8,3.1248,2.614,0.5108,C:/Users/marion.boisseaux/Dropbox/Mon PC (Jaboty20)/Documents/METRADICA/Trait_Data_Cleaning/traits/input/Gmin/input/Metradica/Kaw/input/20211020_gmin.csv
654,Kaw,NA,l,hostmannii,Iryanthera,Iryanthera_hostmannii,2.08157160854515,1,1,-4.79335094767336e-4,44.99,3.84489401687826,0.023696168380741,28.2857142857143,37.5714285714286,2021-10-20 15:23:57,2.75555555555556,165.333333333333,2021-10-20 15:39:14,2021-10-20 18:24:34,7,9,2,8,1.1449,1.0654,0.0795000000000001,C:/Users/marion.boisseaux/Dropbox/Mon PC (Jaboty20)/Documents/METRADICA/Trait_Data_Cleaning/traits/input/Gmin/input/Metradica/Kaw/input/20211020_gmin.csv
655,Kaw,NA,l,hostmannii,Iryanthera,Iryanthera_hostmannii,3.28901792464283,1,1,-0.00104202992216542,61.61,3.85255546713251,0.0238072366930732,28.32,37.4,2021-10-20 15:25:25,1.96472222222222,117.883333333333,2021-10-20 16:27:02,2021-10-20 18:24:55,5,9,4,8,1.3904,1.2665,0.1239,C:/Users/marion.boisseaux/Dropbox/Mon PC (Jaboty20)/Documents/METRADICA/Trait_Data_Cleaning/traits/input/Gmin/input/Metradica/Kaw/input/20211020_gmin.csv
656,Kaw,NA,l,hostmannii,Iryanthera,Iryanthera_hostmannii,1.32749110440714,1,1,-4.86754134771929e-4,71.97,3.84489401687826,0.0235870037443176,28.2857142857143,37.8571428571429,2021-10-20 15:27:51,2.77833333333333,166.7,2021-10-20 15:41:30,2021-10-20 18:28:12,7,9,2,8,1.8735,1.7929,0.0806,C:/Users/marion.boisseaux/Dropbox/Mon PC (Jaboty20)/Documents/METRADICA/Trait_Data_Cleaning/traits/input/Gmin/input/Metradica/Kaw/input/20211020_gmin.csv
