Code,idTree,Plot,SubPlot,FieldNbr,Genus,Species,spName,Family,PrefHabitat,Habitat,FW,SW,DW,LSWC,Posmo,Ptlp,mean_Pmidday,FvFm,LA,gmin,TreeHeight,TreeDawkins,BranchHeight,BranchDawkins,Position_Crown,Forest,CodeFTH,Measure,SLA,LT,CC,LDMC,RWC,Xutm,Yutm,DBH,TWI,Leaf area,Midrib VLA,2VLA,3VLA,MajVLA
1,145493,15,1,182,Iryanthera,hostmannii,Iryanthera_hostmannii,Myristicaceae,BF,BF,1.268,1.263,0.501,1.523,-1.13,-1.568,,0.786,45.231,1.235,12,4,10,4,Sup,Paracou,,,,,,,,,,,,49.55910417,0.311733524,1.732025812,3.895902389,5.939661725
2,147663,15,3,178,Gustavia,hexapetala,Gustavia_hexapetala,Lecythidaceae,TF,TF,1.293,1.32,0.464,1.842,-1.56,-1.911,,0.797,48.827,0.916,11,2,9,2,Sup,Paracou,,,,,,,,,,,,53.79393611,0.294204748,1.128749475,3.261022014,4.683976237
3,147783,15,3,298,Iryanthera,hostmannii,Iryanthera_hostmannii,Myristicaceae,BF,BF,0.877,0.874,0.349,1.503,-1.028,-1.486,,0.807,41.215,1.046,12,2,13,3,Sup,Paracou,,,,,,,,,,,,45.27519028,0.302325974,1.439870003,4.639536613,6.38173259
4,147625,15,3,140,Tachigali,melinonii,Tachigali_melinonii,Fabaceae,Generalist,TF,0.258,0.256,0.121,1.118,-1.51,-1.871,,0.84,9.776,3.368,33,5,23,4,Mid,Paracou,,,,,,,,,,,,10.77581944,0.546569777,2.538922392,4.256712641,7.34220481
5,148586,15,3,1103,Chrysophyllum,prieurii,Chrysophyllum_prieurii,Sapotaceae,Generalist,TF,1.087,1.123,0.535,1.1,-2.403,-2.585,26.067,0.773,31.427,1.869,24,4,21,4,Sup,Paracou,,,,,,,,,,,,33.90810278,0.333429075,1.076097558,5.692870441,7.102397074
6,149072,15,4,369,Conceveiba,guianensis,Conceveiba_guianensis,Euphorbiaceae,Generalist,TF,2.196,2.211,1.01,1.188,-1.328,-1.726,21.58,0.8,64.251,6.776,15,2,14,3,Sup,Paracou,,,,,,,,,,,,70.34390833,0.218959948,0.836178098,2.235224117,3.290362163
7,146131,15,1,824,Licania,membranacea,Licania_membranacea,Chrysobalanaceae,TF,TF,1.19,1.211,0.54,1.242,-1.605,-1.947,36.205,0.82,36.862,3.64,20,4,15,2,Inf,Paracou,,,,,,,,,,,,40.56281667,0.209453203,1.084290379,1.381240312,2.674983894
8,149660,15,4,960,Iryanthera,hostmannii,Iryanthera_hostmannii,Myristicaceae,BF,BF,1.451,1.453,0.666,1.181,-1.22,-1.64,14.967,0.76,24.225,1.196,12,2,11,3,Sup,Paracou,,,,,,,,,,,,26.57938056,0.404034379,1.834080243,3.445755423,5.683870045
9,146342,15,2,84,Hymenopus,heteromorphus,Hymenopus_heteromorphus,Chrysobalanaceae,Generalist,TF,0.688,0.699,0.286,1.445,-1.168,-1.598,14.897,0.784,27.816,7.089,20,4,18,3,Inf,Paracou,,,,,,,,,,,,30.42738611,0.295178617,1.165084156,3.146078157,4.60634093
10,146466,15,2,209,Conceveiba,guianensis,Conceveiba_guianensis,Euphorbiaceae,Generalist,TF,2.261,2.297,1.081,1.124,-1.515,-1.875,8.697,0.812,39.49,9.621,18,3,16,3,Sup,Paracou,,,,,,,,,,,,43.07095694,0.24928567,0.85303324,2.672860014,3.775178924
11,146404,15,2,147,Hymenopus,heteromorphus,Hymenopus_heteromorphus,Chrysobalanaceae,Generalist,TF,0.307,0.311,0.143,1.175,-1.058,-1.51,12.877,0.79,13.79,4.459,22,2,18,3,Inf,Paracou,,,,,,,,,,,,15.09324444,0.470920254,2.204451695,5.382497452,8.057869401
12,148074,15,3,590,Jacaranda,copaia subsp. copaia,Jacaranda_copaia subsp. copaia,Bignoniaceae,Generalist,TF,0.3729,0.3782,0.1403,1.695652174,,,,0.794,21.5087095,6.269598263,28,5,26,5,Sup,Paracou,,,,,,,,,,,,23.60600417,0.354820614,1.452423512,3.834046428,5.641290553
13,146431,15,2,174,Dicorynia,guianensis,Dicorynia_guianensis,Fabaceae,TF,TF,1.708,1.727,0.67,1.579,-0.823,-1.322,9.863,0.814,44.42,5.157,32,5,26,3,Mid,Paracou,,,,,,,,,,,,48.69007778,0.239988775,1.500403236,2.53387524,4.274267251
14,146475,15,2,218,Dicorynia,guianensis,Dicorynia_guianensis,Fabaceae,TF,TF,1.627,1.664,0.645,1.579,-0.848,-1.342,12.54,0.818,29.609,3.34,30,4,24,2,Mid,Paracou,,,,,,,,,,,,32.4115375,0.311391576,1.660683584,2.418404907,4.390480067
15,147620,15,3,135,Casearia,javitensis,Casearia_javitensis,Salicaceae,TF,TF,2.002,2.057,1.009,1.04,-1.703,-2.025,,0.797,88.905,2.481,10,3,10,3,Sup,Paracou,,,,,,,,,,,,97.38743333,0.195771868,0.799828265,2.285321918,3.28092205
16,148282,15,3,798,Hymenopus,heteromorphus,Hymenopus_heteromorphus,Chrysobalanaceae,Generalist,TF,2.611,2.693,1.11,1.426,-1.09,-1.536,15.063,0.747,33.96,2.079,17,3,17,3,Mid,Paracou,,,,,,,,,,,,37.27067778,0.261319896,1.216713785,4.355341033,5.833374714
17,147574,15,3,89,Bocoa,prouacensis,Bocoa_prouacensis,Fabaceae,Generalist,BF,1.386,1.396,0.843,0.656,-1.588,-1.933,,0.789,22.997,4.063,18,4,16,4,Sup,Paracou,,,,,,,,,,,,25.21578889,0.383592788,1.506544272,1.437168862,3.327305923
18,148283,15,3,799,Chrysophyllum,prieurii,Chrysophyllum_prieurii,Sapotaceae,Generalist,TF,0.886,0.914,0.421,1.169,-2.46,-2.631,12.733,0.785,32.59,0.87,23,5,21,5,Mid,Paracou,,,,,,,,,,,,35.09243056,0.327076567,1.299870255,7.532606517,9.159553339
19,147656,15,3,171,Hymenopus,heteromorphus,Hymenopus_heteromorphus,Chrysobalanaceae,Generalist,TF,0.503,0.514,0.23,1.239,-1.085,-1.532,21.06,0.744,21.444,7.383,15,3,13,3,Sup,Paracou,,,,,,,,,,,,23.5750125,0.379723696,2.185962679,7.010384555,9.576070929
20,148077,15,3,593,Bocoa,prouacensis,Bocoa_prouacensis,Fabaceae,Generalist,TF,1.58,1.602,0.742,1.16,-1.258,-1.67,11.693,0.788,42.174,1.64,22,3,16,4,Mid,Paracou,,,,,,,,,,,,46.38453611,0.245443202,0.931822164,2.011199059,3.188464425
21,149561,15,4,860,Iryanthera,hostmannii,Iryanthera_hostmannii,Myristicaceae,BF,BF,2.311,2.308,1.017,1.269,-1.275,-1.684,13.487,0.812,36.132,0.885,12,2,11,4,Sup,Paracou,,,,,,,,,,,,39.94218889,0.327277832,1.646388088,4.575133778,6.548799697
22,149441,15,4,740,Carapa,surinamensis,Carapa_surinamensis,Meliaceae,BF,BF,2.248,2.27,0.831,1.733,-1.333,-1.73,7.237,0.771,89.345,1.043,20,3,20,3,Sup,Paracou,,,,,,,,,,,,99.92952778,0.169072235,0.913576719,1.54101655,2.623665504
23,149447,15,4,746,Eperua,falcata,Eperua_falcata,Fabaceae,BF,BF,0.69,0.699,0.291,1.4,-1.258,-1.67,13.487,0.771,33.694,1.397,26,4,20,4,Sup,Paracou,,,,,,,,,,,,36.81113889,0.296463113,1.813616574,3.949714193,6.05979388
24,149545,15,4,844,Hymenopus,heteromorphus,Hymenopus_heteromorphus,Chrysobalanaceae,Generalist,BF,4.011,4.082,1.977,1.065,-0.94,-1.416,10.563,0.814,74.399,3.071,18,3,16,3,Mid,Paracou,,,,,,,,,,,,82.05984028,0.173446275,0.850442243,4.507337234,5.531225752
25,,,,,,,NA,,,,,,,,,,,,,,,,,,,Paracou,,,,,,,,,,,,,,,,
26,149683,15,4,984,Hymenopus,heteromorphus,Hymenopus_heteromorphus,Chrysobalanaceae,Generalist,BF,0.363,0.368,0.179,1.052,-0.948,-1.422,,0.807,12.265,17.868,16,3,14,3,Sup,Paracou,,,,,,,,,,,,13.60032639,0.467680921,2.20199856,6.235570343,8.905249824
27,149727,15,4,1029,Bocoa,prouacensis,Bocoa_prouacensis,Fabaceae,Generalist,BF,0.522,0.525,0.27,0.948,-1.395,-1.78,,0.814,7.248,2.511,26,2,24,3,Sup,Paracou,,,,,,,,,,,,7.982997222,0.570594369,3.229405278,2.299445832,6.099445479
28,149733,15,4,1035,Eperua,falcata,Eperua_falcata,Fabaceae,BF,BF,0.63,0.658,0.313,1.102,-1.528,-1.885,,0.807,16.897,2.136,20,4,16,3,Mid,Paracou,,,,,,,,,,,,18.54248611,0.391677984,1.864562054,5.624530884,7.880770921
29,145356,15,1,45,Poraqueiba,guianensis,Poraqueiba_guianensis,Metteniusaceae,TF,TF,1.283,1.328,0.581,1.283,-1.658,-1.989,21.343,0.8,70.589,2.051,17,2,15,3,Mid,Paracou,,,,,,,,,,,,78.06562083,0.217285932,1.105850618,2.844089026,4.167225577
30,145769,15,1,460,Poraqueiba,guianensis,Poraqueiba_guianensis,Metteniusaceae,TF,TF,1.202,1.259,0.484,1.604,-1.61,-1.951,23.753,0.787,93.252,2.569,16,3,16,3,Mid,Paracou,,,,,,,,,,,,102.5973792,0.16756111,0.924405834,3.929561774,5.021528718
31,145376,15,1,65,Eschweilera,coriacea,Eschweilera_coriacea,Lecythidaceae,Generalist,TF,1.08,1.085,0.38,1.854,-1.268,-1.678,10.273,0.818,80.371,5.069,16,3,14,3,Mid,Paracou,,,,,,,,,,,,87.99163333,0.192899626,1.085873901,2.797206425,4.075979952
32,148668,15,3,2684,Tachigali,melinonii,Tachigali_melinonii,Fabaceae,Generalist,TF,0.357,0.368,0.173,1.13,-1.18,-1.608,,0.731,19.1,1.895,26,3,24,3,Mid,Paracou,,,,,,,,,,,,21.28220556,0.443631711,1.626653764,3.810252603,5.880538078
33,148907,15,4,204,Gustavia,hexapetala,Gustavia_hexapetala,Lecythidaceae,TF,TF,1.186,1.237,0.38,2.253,-1.565,-1.915,,0.769,42.526,2.374,20,3,20,3,Sup,Paracou,,,,,,,,,,,,46.37481528,0.288801331,1.223083404,3.616187558,5.128072293
34,102705,6,2,2358,Protium,opacum subsp. rabelianum,Protium_opacum,Burseraceae,BF,BF,2.16,2.205,1.063,1.075,-1.735,-2.051,9.07,0.804,100.798,5.761,23,4,20,4,Sup,Paracou,,,,,,,,,,,,111.0627111,0.169165744,1.128698372,1.77826473,3.076128846
35,149111,15,4,408,Protium,opacum subsp. rabelianum,Protium_opacum,Burseraceae,BF,BF,1.668,1.675,0.762,1.198,-1.588,-1.933,,0.83,40.594,2.559,18,3,15,3,Mid,Paracou,,,,,,,,,,,,44.670475,0.266242894,1.473115723,2.682486615,4.421845232
36,149208,15,4,506,Carapa,surinamensis,Carapa_surinamensis,Meliaceae,BF,BF,5.423,5.513,2.464,1.237,-1.36,-1.752,,0.806,194.482,2.346,17,4,16,3,Sup,Paracou,,,,,,,,,,,,192.6145207,0.146930862,0.69149557,1.07840667,1.916833103
37,227102,15,4,2809,Pterocarpus,officinalis,Pterocarpus_officinalis,Fabaceae,BF,BF,0.602,0.604,0.188,2.206,-1.128,-1.566,,0.789,29.789,1.749,16,3,15,4,Mid,Paracou,,,,,,,,,,,,33.2584125,0.281982164,1.342221577,2.552224568,4.17642831
38,148949,15,4,246,Pterocarpus,officinalis,Pterocarpus_officinalis,Fabaceae,BF,BF,1.57,1.584,0.608,1.606,-1.468,-1.838,2.97,0.791,75.667,3.022,17,4,14,4,Mid,Paracou,,,,,,,,,,,,83.63954861,0.170547219,0.870482339,2.53019825,3.571227808
39,148940,15,4,237,Pterocarpus,officinalis,Pterocarpus_officinalis,Fabaceae,BF,BF,1.477,1.548,0.441,2.513,-1.673,-2.001,8.6,0.778,26.852,2.297,18,4,15,3,Sup,Paracou,,,,,,,,,,,,29.61182917,0.265364772,1.384169915,2.91897296,4.568507647
40,149391,15,4,690,Bocoa,prouacensis,Bocoa_prouacensis,Fabaceae,Generalist,BF,1.072,1.067,0.307,2.479,-1.588,-1.933,,0.819,14.063,2.338,14,3,12,3,Sup,Paracou,,,,,,,,,,,,15.29429583,0.508829663,1.81999025,3.042857857,5.37167777
41,181305,6,2,2924,Protium,opacum subsp. rabelianum,Protium_opacum,Burseraceae,BF,BF,2.385,2.411,1.163,1.073,-1.675,-2.003,8.025,0.815,95.184,3.831,18,2,15,3,Mid,Paracou,,,,,,,,,,,,105.0459083,0.199435544,1.247886425,1.811660417,3.258982387
42,102701,6,2,2354,Protium,opacum subsp. rabelianum,Protium_opacum,Burseraceae,BF,BF,2.703,2.774,1.271,1.182,-1.913,-2.193,9.277,0.837,98.325,3.092,25,2,22,3,Mid,Paracou,,,,,,,,,,,,108.0903222,0.189103003,1.080299801,1.862597995,3.132000799
43,178746,6,2,2901,Carapa,surinamensis,Carapa_surinamensis,Meliaceae,BF,BF,11.763,11.982,5.663,1.116,-1.213,-1.634,9.897,0.814,145.987,1.72,19,4,19,4,Sup,Paracou,,,,,,,,,,,,159.3987569,0.142844112,0.629806868,0.990105521,1.762756501
44,205764,6,2,2961,Protium,opacum subsp. rabelianum,Protium_opacum,Burseraceae,BF,BF,2.592,2.63,1.158,1.271,-1.808,-2.109,9.55,0.804,57.859,7.998,15,4,14,4,Mid,Paracou,,,,,,,,,,,,63.67922639,0.276557806,1.456040938,4.097344828,5.829943571
45,145931,15,1,623,Conceveiba,guianensis,Conceveiba_guianensis,Euphorbiaceae,Generalist,BF,2.401,2.441,1.027,1.377,-1.413,-1.794,16.14,0.781,35.891,2.311,12,4,11,4,Sup,Paracou,,,,,,,,,,,,39.31113611,0.259096823,0.962375475,2.118800457,3.340272755
46,145945,15,1,637,Symphonia,globulifera,Symphonia_globulifera,Clusiaceae,BF,BF,1.871,1.893,0.526,2.6,-1.353,-1.746,13.35,0.807,37.085,1.971,25,4,18,3,Mid,Paracou,,,,,,,,,,,,40.85487639,0.315004263,2.273956136,2.514744429,5.103704828
47,145883,15,1,575,Symphonia,globulifera,Symphonia_globulifera,Clusiaceae,BF,BF,0.724,0.725,0.229,2.164,-1.343,-1.738,9.91,0.785,21.743,1.839,32,4,25,3,Mid,Paracou,,,,,,,,,,,,23.90310833,0.386544522,3.788143279,1.878941876,6.053629677
48,145949,15,1,641,Jacaranda,copaia subsp. copaia,Jacaranda_copaia subsp. copaia,Bignoniaceae,Generalist,BF,0.774,0.792,0.277,1.862,-0.855,-1.348,13.81,0.808,16.609,4.852,12,3,12,3,Sup,Paracou,,,,,,,,,,,,18.22708472,0.477211364,1.709754282,4.257318914,6.44428456
49,145666,15,1,357,Carapa,surinamensis,Carapa_surinamensis,Meliaceae,BF,BF,6.043,6.261,2.757,1.271,-1.39,-1.776,5.503,0.764,180.296,2.814,16,3,14,3,Sup,Paracou,,,,,,,,,,,,178.1236222,0.142833042,0.605801957,0.85282141,1.601456409
50,147391,15,2,1136,Gustavia,hexapetala,Gustavia_hexapetala,Lecythidaceae,TF,TF,0.831,0.855,0.327,1.613,-1.835,-2.131,34.727,0.646,51.596,1.029,12,3,10,3,Sup,Paracou,,,,,,,,,,,,56.74726111,0.270928929,1.149195266,4.074534453,5.494658648
51,147235,15,2,980,Dicorynia,guianensis,Dicorynia_guianensis,Fabaceae,TF,TF,1.286,1.322,0.516,1.564,-1.175,-1.604,,0.749,51.602,7.764,15,3,14,4,Sup,Paracou,,,,,,,,,,,,56.22491111,0.249566677,1.198515154,3.015691404,4.463773235
52,226846,15,4,2803,Hymenopus,heteromorphus,Hymenopus_heteromorphus,Chrysobalanaceae,Generalist,BF,0.659,0.674,0.317,1.128,-1.06,-1.512,,0.813,37.423,2.77,15,4,12,3,Mid,Paracou,,,,,,,,,,,,41.16433194,0.259843533,1.448850755,5.02469639,6.733390678
53,149005,15,4,302,Bocoa,prouacensis,Bocoa_prouacensis,Fabaceae,Generalist,BF,1.791,1.818,0.901,1.017,-1.433,-1.81,,0.753,26.762,6.547,15,2,14,3,Sup,Paracou,,,,,,,,,,,,29.74151806,0.273511892,1.387298814,1.277588037,2.938398744
54,249664,6,1,2962,Protium,opacum subsp. rabelianum,Protium_opacum,Burseraceae,BF,BF,0.786,0.787,0.349,1.253,-1.715,-2.035,,0.829,77.768,4.045,14,3,12,3,Sup,Paracou,,,,,,,,,,,,85.18173333,0.204554234,1.337248713,3.456979748,4.998782696
55,101083,6,1,480,Jacaranda,copaia subsp. copaia,Jacaranda_copaia subsp. copaia,Bignoniaceae,Generalist,TF,0.441,0.4445,0.1508,1.947612732,,,,0.822,18.25427549,10.8886066,30,5,28,3,Mid,Paracou,,,,,,,,,,,,19.99065833,0.383943828,1.584209441,4.924832881,6.89298615
56,100766,6,1,149,Chrysophyllum,prieurii,Chrysophyllum_prieurii,Sapotaceae,Generalist,TF,2.367,2.412,1.139,1.117,-1.725,-2.043,12.83,0.804,133.868,2.229,24,3,17,3,Mid,Paracou,,,,,,,,,,,,147.7016792,0.138708988,0.684166391,4.367297769,5.190173147
57,100765,6,1,148,Conceveiba,guianensis,Conceveiba_guianensis,Euphorbiaceae,Generalist,TF,1.486,1.498,0.684,1.189,-1.285,-1.692,,0.82,91.057,2.443,15,2,14,3,Sup,Paracou,,,,,,,,,,,,99.48084028,0.158223386,0.601873459,2.545327518,3.305424363
58,,,,,,,NA,,,,,,,,,,,,,,,,,,,Paracou,,,,,,,,,,,,,,,,
59,,,,,,,NA,,,,,,,,,,,,,,,,,,,Paracou,,,,,,,,,,,,,,,,
60,205758,6,2,2955,Conceveiba,guianensis,Conceveiba_guianensis,Euphorbiaceae,Generalist,BF,1.573,1.606,0.687,1.338,-1.565,-1.915,11.793,0.778,120.531,1.634,21,2,18,3,Mid,Paracou,,,,,,,,,,,,131.8246472,0.138633933,0.514938015,1.670397421,2.323969369
61,102799,6,2,2866,Jacaranda,copaia subsp. copaia,Jacaranda_copaia subsp. copaia,Bignoniaceae,Generalist,TF,0.532,0.556,0.152,2.65,-0.923,-1.402,,0.777,28.136,2.664,16,3,16,3,Sup,Paracou,,,,,,,,,,,,31.02131528,0.324545275,1.415417382,3.8380024,5.577965056
62,102878,6,3,75,Chrysophyllum,prieurii,Chrysophyllum_prieurii,Sapotaceae,Generalist,TF,1.83,1.904,0.949,1.007,-2.12,-2.359,14.213,0.834,81.332,3.756,32,4,30,4,Sup,Paracou,,,,,,,,,,,,88.808325,0.186187695,1.036178233,5.640520247,6.862886175
63,103035,6,3,236,Bocoa,prouacensis,Bocoa_prouacensis,Fabaceae,Generalist,TF,1.251,1.22,0.57,1.141,-1.285,-1.692,11.657,0.823,74.254,3.074,16,3,14,3,Mid,Paracou,,,,,,,,,,,,81.64494028,0.206363093,0.812842732,1.059612334,2.078818159
64,205745,6,1,2924,Symphonia,globulifera,Symphonia_globulifera,Clusiaceae,BF,BF,1.778,1.797,0.549,2.275,-1.038,-1.494,8.633,0.811,80.433,2.801,12,4,10,3,Mid,Paracou,,,,,,,,,,,,88.61945556,0.216572197,2.019380744,0.688402905,2.924355845
65,179841,6,1,2874,Tachigali,melinonii,Tachigali_melinonii,Fabaceae,Generalist,BF,0.412,0.417,0.196,1.127,-1.39,-1.776,,0.835,26.457,2.695,24,4,18,3,Inf,Paracou,,,,,,,,,,,,29.55779028,0.327266049,1.335183459,3.537247772,5.19969728
66,101665,6,1,2359,Protium,stevensonii,Protium_stevensonii,Burseraceae,Generalist,BF,0.618,0.644,0.331,0.947,-1.868,-2.157,,0.807,26.171,19.083,18,2,15,3,Inf,Paracou,,,,,,,,,,,,28.74576528,0.451756251,1.695144261,1.139637129,3.286537641
67,101138,6,1,538,Eschweilera,coriacea,Eschweilera_coriacea,Lecythidaceae,Generalist,TF,2.509,2.555,1.212,1.108,-1.113,-1.554,13.837,0.819,39.651,1.25,20,3,16,4,Mid,Paracou,,,,,,,,,,,,43.60554861,0.265666267,1.436958809,4.589516348,6.292141423
68,101016,6,1,405,Bocoa,prouacensis,Bocoa_prouacensis,Fabaceae,Generalist,BF,0.991,0.998,0.285,2.502,-1.45,-1.824,12.703,0.661,55.733,0.859,15,4,13,4,Sup,Paracou,,,,,,,,,,,,61.42335972,0.240342965,1.224630667,1.582899329,3.047872961
69,101485,6,1,890,Tachigali,melinonii,Tachigali_melinonii,Fabaceae,Generalist,BF,0.137,0.139,0.065,1.148,-1.808,-2.109,,0.824,13.453,2.621,35,5,24,3,Inf,Paracou,,,,,,,,,,,,14.84311389,0.568803301,1.940763239,2.998025835,5.507592375
70,103472,6,3,697,Conceveiba,guianensis,Conceveiba_guianensis,Euphorbiaceae,Generalist,BF,3.913,4.005,1.635,1.45,-1.113,-1.554,3.25,0.824,86.717,3.715,12,2,11,3,Mid,Paracou,,,,,,,,,,,,94.79389444,0.164112484,0.593329525,3.056710837,3.814152846
71,103306,6,3,521,Jacaranda,copaia subsp. copaia,Jacaranda_copaia subsp. copaia,Bignoniaceae,Generalist,TF,0.6126,0.6265,0.2234,1.80438675,,,12.06666667,0.799,15.5867405,3.624839998,32,4,28,3,Mid,Paracou,,,,,,,,,,,,17.14698333,0.424135451,1.480993373,4.065846443,5.970975267
72,104032,6,4,105,Conceveiba,guianensis,Conceveiba_guianensis,Euphorbiaceae,Generalist,BF,0.789,0.754,0.301,1.501,-1.28,-1.688,,0.819,106.653,1.632,12,2,10,3,Mid,Paracou,,,,,,,,,,,,116.7509,0.146079027,0.580538952,2.210701136,2.937319115
73,104806,6,4,2803,Carapa,surinamensis,Carapa_surinamensis,Meliaceae,BF,BF,2.004,1.955,0.816,1.396,-1.338,-1.734,,0.824,84.13,3.171,14,2,12,3,Mid,Paracou,,,,,,,,,,,,91.46840556,0.182658294,0.796328994,1.756210413,2.735197702
74,102971,6,3,171,Licania,membranacea,Licania_membranacea,Chrysobalanaceae,TF,TF,1.18,1.239,0.481,1.578,-1.595,-1.939,,0.793,95.351,3.702,22,3,20,3,Mid,Paracou,,,,,,,,,,,,108.6667361,0.181806864,0.707489312,3.094582708,3.983878885
75,103117,6,3,324,Bocoa,prouacensis,Bocoa_prouacensis,Fabaceae,Generalist,BF,1.264,1.273,0.593,1.147,-1.253,-1.666,19.798,0.818,70.731,2.339,19,3,17,3,Mid,Paracou,,,,,,,,,,,,77.93889861,0.172988807,0.935209114,0.944361645,2.052559566
76,103259,6,3,473,Eschweilera,coriacea,Eschweilera_coriacea,Lecythidaceae,Generalist,BF,1.658,1.702,0.836,1.035,-1.423,-1.802,15.038,0.818,124.204,1.357,18,3,18,4,Sup,Paracou,,,,,,,,,,,,138.3153167,0.16028206,0.979902062,3.143336146,4.283520267
77,103275,6,3,489,Laetia,procera,Laetia_procera,Salicaceae,BF,BF,2.401,2.431,0.942,1.58,-1.523,-1.881,7.413,0.83,57.994,1.594,32,5,24,3,Inf,Paracou,,,,,,,,,,,,63.62880417,0.211595752,1.291209275,5.467983425,6.970788453
78,103288,6,3,502,Carapa,surinamensis,Carapa_surinamensis,Meliaceae,BF,BF,3.153,3.204,1.37,1.339,-1.35,-1.744,14.433,0.827,188.912,1.959,26,4,21,3,Inf,Paracou,,,,,,,,,,,,187.3585635,0.145926839,0.660514187,0.689533398,1.495974424
79,103499,6,3,726,Jacaranda,copaia subsp. copaia,Jacaranda_copaia subsp. copaia,Bignoniaceae,Generalist,TF,0.235,0.236,0.066,2.597,-0.858,-1.35,10,0.829,15.472,3.193,17,2,14,3,Inf,Paracou,,,,,,,,,,,,17.03416111,0.410317053,1.80199693,5.059110492,7.271424474
80,104037,6,4,110,Eschweilera,coriacea,Eschweilera_coriacea,Lecythidaceae,Generalist,BF,2.464,2.494,1.271,0.963,-1.278,-1.686,,0.798,58.824,1.374,30,4,26,3,Inf,Paracou,,,,,,,,,,,,64.70458472,0.242709828,1.278446204,3.185407646,4.706563677
81,104123,6,4,196,Eschweilera,coriacea,Eschweilera_coriacea,Lecythidaceae,Generalist,BF,1.548,1.532,0.714,1.144,-1.248,-1.662,,0.823,43.88,1.247,15,3,15,3,Sup,Paracou,,,,,,,,,,,,47.99500972,0.304938256,1.698575076,4.226253502,6.229766835
82,104116,6,4,189,Conceveiba,guianensis,Conceveiba_guianensis,Euphorbiaceae,Generalist,BF,0.987,0.961,0.397,1.424,-1.565,-1.915,,0.834,76.341,2.071,14,2,14,3,Sup,Paracou,,,,,,,,,,,,83.24171944,0.202156371,0.693807037,2.042346726,2.938310135
83,104783,6,4,2351,Eschweilera,coriacea,Eschweilera_coriacea,Lecythidaceae,Generalist,BF,1.393,1.385,0.509,1.721,-0.988,-1.454,,0.769,41.315,2.982,14,2,10,3,Sup,Paracou,,,,,,,,,,,,45.9689625,0.304145189,1.379469725,5.801830543,7.485445457
84,236720,6,4,2969,Conceveiba,guianensis,Conceveiba_guianensis,Euphorbiaceae,Generalist,BF,1.423,1.419,0.602,1.359,-1.445,-1.82,,0.819,133.903,1.448,12,3,12,3,Sup,Paracou,,,,,,,,,,,,146.6320889,0.135349976,0.455780076,2.062308339,2.653438391
85,104225,6,4,298,Eperua,falcata,Eperua_falcata,Fabaceae,BF,BF,0.839,0.842,0.36,1.341,-1.29,-1.696,,0.761,58.866,1.365,30,4,15,3,Inf,Paracou,,,,,,,,,,,,64.45960556,0.229096548,1.628124035,3.683970977,5.541191559
86,104374,6,4,450,Chrysophyllum,prieurii,Chrysophyllum_prieurii,Sapotaceae,Generalist,TF,,,0.283,,-1.555,-1.907,,0.734,176.596,6.294,18,2,16,2,Mid,Paracou,,,,,,,,,,,,192.6860319,0.123840522,0.617156415,2.467864537,3.208861474
87,104726,6,4,2050,Protium,stevensonii,Protium_stevensonii,Burseraceae,Generalist,TF,0.633,0.633,,,-1.77,-2.079,,0.822,34.981,14.727,20,3,16,3,Inf,Paracou,,,,,,,,,,,,38.73896944,0.245911161,1.241990959,4.151390511,5.639292631
88,203357,6,4,2930,Virola,michelii,Virola_michelii,Myristicaceae,Generalist,TF,0.76,0.766,0.3,1.55,-1.325,-1.724,,0.815,51.2,2.613,12,2,11,3,Mid,Paracou,,,,,,,,,,,,56.43594444,0.342616665,1.67134795,5.746271819,7.760236434
89,178762,6,4,2895,Eschweilera,coriacea,Eschweilera_coriacea,Lecythidaceae,Generalist,TF,0.971,0.981,0.348,1.816,-1.158,-1.59,,0.814,59.673,1.097,12,3,10,3,Mid,Paracou,,,,,,,,,,,,65.44369583,0.248269286,1.223128198,6.316828322,7.788225806
90,104801,6,4,2653,Conceveiba,guianensis,Conceveiba_guianensis,Euphorbiaceae,Generalist,BF,1.602,1.649,0.64,1.576,-1.198,-1.622,,0.831,82.544,1.657,,2,,3,,Paracou,,,,,,,,,,,,90.42043611,0.175002054,0.543700347,2.475299496,3.194001897
91,104363,6,4,439,Conceveiba,guianensis,Conceveiba_guianensis,Euphorbiaceae,Generalist,TF,1.694,1.673,0.714,1.341,-1.385,-1.772,,0.8,122.129,2.635,21,4,18,3,Mid,Paracou,,,,,,,,,,,,134.2204694,0.125420281,0.50777249,1.624005595,2.257198366
92,104378,6,4,454,Chrysophyllum,prieurii,Chrysophyllum_prieurii,Sapotaceae,Generalist,TF,3.456,3.512,1.664,1.111,-2.225,-2.443,,0.797,92.865,0.733,22,2,22,3,Sup,Paracou,,,,,,,,,,,,101.7365194,0.161250799,0.831413909,4.80576492,5.798429628
93,104500,6,4,594,Chrysophyllum,prieurii,Chrysophyllum_prieurii,Sapotaceae,Generalist,TF,2.064,2.063,0.955,1.159,-2.065,-2.315,,0.802,148.75,1.523,29,2,29,3,Sup,Paracou,,,,,,,,,,,,162.7608472,0.12906692,0.716998153,4.442866502,5.288931574
94,104355,6,4,431,Licania,membranacea,Licania_membranacea,Chrysobalanaceae,TF,TF,1.264,1.336,0.545,1.45,-1.55,-1.903,,0.817,57.689,2.747,21,2,19,2,Mid,Paracou,,,,,,,,,,,,63.59340833,0.232575213,1.280719927,3.344658025,4.857953164
95,104215,6,4,288,Tachigali,melinonii,Tachigali_melinonii,Fabaceae,Generalist,BF,0.514,0.517,0.242,1.138,-1.413,-1.794,,0.809,13.717,3.074,38,5,31,5,Mid,Paracou,,,,,,,,,,,,15.14984861,0.491428676,1.889785552,3.134207187,5.515421415
96,104562,6,4,658,Iryanthera,sagotiana,Iryanthera_sagotiana,Myristicaceae,TF,TF,0.824,0.837,0.324,1.583,-1.158,-1.59,,0.682,26.082,3.257,26,3,20,3,Sup,Paracou,,,,,,,,,,,,28.53920972,0.347600639,1.872738032,5.99771932,8.218057992
97,104319,6,4,395,Laetia,procera,Laetia_procera,Salicaceae,BF,BF,2.206,2.258,0.888,1.543,-1.645,-1.979,,0.807,54.311,2.296,32,5,26,5,Sup,Paracou,,,,,,,,,,,,59.68802361,0.183899436,1.314042961,4.935295035,6.433237432
98,145049,14,4,807,Iryanthera,sagotiana,Iryanthera_sagotiana,Myristicaceae,TF,TF,0.922,0.925,0.367,1.523,-1.17,-1.6,,0.824,34.052,0.767,16,2,14,3,Inf,Paracou,,,,,,,,,,,,37.47243056,0.31244608,1.737681209,6.774644008,8.824771297
99,145228,14,4,991,Vouacapoua,americana,Vouacapoua_americana,Fabaceae,TF,TF,0.497,0.498,0.257,0.936,-1.798,-2.101,,0.78,25.486,1.706,16,3,12,4,Inf,Paracou,,,,,,,,,,,,28.24965972,0.407560097,1.678934301,5.907814423,7.994308821
100,145138,14,4,897,Eschweilera,coriacea,Eschweilera_coriacea,Lecythidaceae,Generalist,TF,2.955,3.012,1.112,1.709,-1.138,-1.574,,0.824,68.511,1.154,25,3,21,2,Inf,Paracou,,,,,,,,,,,,75.39144583,0.201958738,1.020041918,3.786102787,5.008103442
101,145139,14,4,898,Poraqueiba,guianensis,Poraqueiba_guianensis,Metteniusaceae,TF,TF,1.94,1.957,0.824,1.374,-1.668,-1.997,,0.792,40.07,2.831,22,2,20,2,Mid,Paracou,,,,,,,,,,,,44.52657361,0.275785385,1.309822604,5.077607958,6.663215948
102,145294,14,4,2539,Hymenopus,heteromorphus,Hymenopus_heteromorphus,Chrysobalanaceae,Generalist,TF,1.046,1.055,0.455,1.32,-1.06,-1.512,,0.828,44.607,4.963,22,2,18,3,Inf,Paracou,,,,,,,,,,,,49.01479306,0.23556873,1.233077785,4.354290197,5.822936712
103,145148,14,4,907,Eschweilera,coriacea,Eschweilera_coriacea,Lecythidaceae,Generalist,TF,3.097,3.121,1.303,1.395,-1.168,-1.598,,0.812,98.568,2.129,18,2,14,3,Inf,Paracou,,,,,,,,,,,,108.3839667,0.16054692,0.905751987,4.012971504,5.079270411
104,143133,14,2,929,Casearia,javitensis,Casearia_javitensis,Salicaceae,TF,TF,0.6202,,,,,,,0.82,67.19907931,6.719769506,16,2,13,3,Inf,Paracou,,,,,,,,,,,,,,,,
105,142646,14,4,180,Casearia,javitensis,Casearia_javitensis,Salicaceae,TF,TF,1.376,1.347,0.708,0.902,-1.29,-1.696,,0.804,40.785,3.802,12,3,10,3,Mid,Paracou,,,,,,,,,,,,44.69167778,0.2854519,0.897313395,2.524325038,3.707090333
106,,14,4,13,Dicorynia,guianensis,Dicorynia_guianensis,Fabaceae,TF,TF,1.021,0.913,0.351,1.601,-0.995,-1.46,,0.806,109.491,8.777,8,2,8,3,Sup,Paracou,,,,,,,,,,,,119.9542556,0.161355235,1.01090278,2.195857575,3.368115591
107,142693,14,2,487,Poraqueiba,guianensis,Poraqueiba_guianensis,Metteniusaceae,TF,TF,2.263,2.257,0.983,1.296,-1.47,-1.84,,0.825,63.034,3.338,24,4,24,4,Sup,Paracou,,,,,,,,,,,,69.24987083,0.196635735,1.115899073,3.103292752,4.41582756
108,144866,14,4,624,Vouacapoua,americana,Vouacapoua_americana,Fabaceae,TF,TF,0.583,0.575,0.324,0.774,-1.798,-2.101,,0.831,45.936,9.37,23,3,21,4,Mid,Paracou,,,,,,,,,,,,51.0187875,0.290932546,0.905520992,3.865960222,5.06241376
109,145008,14,4,766,Vouacapoua,americana,Vouacapoua_americana,Fabaceae,TF,TF,0.595,0.586,0.32,0.83,-1.823,-2.121,,0.795,31.629,2.415,23,3,21,3,Sup,Paracou,,,,,,,,,,,,34.96920139,0.346966389,1.494819482,3.02764358,4.869429452
110,174162,14,4,2572,Protium,stevensonii,Protium_stevensonii,Burseraceae,Generalist,TF,1.535,1.557,0.754,1.064,-1.878,-2.165,,0.801,61.943,8.033,16,2,13,3,Mid,Paracou,,,,,,,,,,,,68.13432639,0.245370111,1.022580135,3.380178289,4.648128535
111,144753,14,4,511,Eschweilera,coriacea,Eschweilera_coriacea,Lecythidaceae,Generalist,TF,1.76,1.699,0.752,1.259,-1.08,-1.528,,0.784,61.335,2.519,20,5,17,5,Sup,Paracou,,,,,,,,,,,,67.42262083,0.220102185,0.995681331,5.3955429,6.611326415
112,144939,14,4,697,Vouacapoua,americana,Vouacapoua_americana,Fabaceae,TF,TF,0.422,0.419,0.214,0.96,-1.603,-1.945,,0.823,32.821,1.775,15,2,12,3,Mid,Paracou,,,,,,,,,,,,36.27907778,0.363536776,1.408620731,3.857224806,5.629382312
113,144945,14,4,703,Gustavia,hexapetala,Gustavia_hexapetala,Lecythidaceae,TF,TF,1.703,1.699,0.494,2.437,-1.388,-1.774,,0.788,51.709,3.853,13,2,11,3,Mid,Paracou,,,,,,,,,,,,56.77327083,0.309447804,1.148226842,4.175067903,5.632742548
114,144726,14,4,484,Licania,membranacea,Licania_membranacea,Chrysobalanaceae,TF,TF,0.766,0.771,0.363,1.123,-1.853,-2.145,,0.837,30.821,5.889,27,4,25,3,Sup,Paracou,,,,,,,,,,,,33.81692639,0.294218932,1.709402501,4.285336429,6.288957862
115,205904,14,4,3013,Tachigali,melinonii,Tachigali_melinonii,Fabaceae,Generalist,TF,0.352,0.312,0.141,1.216,-1.385,-1.772,,0.693,19.521,1.9,25,3,23,3,Mid,Paracou,,,,,,,,,,,,21.60816806,0.409637412,1.752115851,4.414562445,6.576315707
116,138317,13,2,282,Iryanthera,hostmannii,Iryanthera_hostmannii,Myristicaceae,BF,BF,2.243,2.255,1.059,1.129,-1.36,-1.752,,0.739,49.839,0.92,13,2,12,3,Sup,Paracou,,,,,,,,,,,,54.91009306,0.269953978,1.241736823,3.63687771,5.148568512
117,142689,14,2,483,Eschweilera,coriacea,Eschweilera_coriacea,Lecythidaceae,Generalist,TF,2.95,3.022,1.298,1.328,-0.968,-1.438,,0.755,69.148,3.588,16,3,11,3,Inf,Paracou,,,,,,,,,,,,77.05279861,0.221642189,1.063791012,4.981131149,6.26656435
118,142325,14,2,114,Eschweilera,coriacea,Eschweilera_coriacea,Lecythidaceae,Generalist,TF,2.259,2.271,0.986,1.302,-1.155,-1.588,,0.837,172.991,1.871,16,3,12,3,Inf,Paracou,,,,,,,,,,,,191.0899847,0.11954487,0.731495455,3.694993419,4.546033743
119,142517,14,2,310,Carapa,surinamensis,Carapa_surinamensis,Meliaceae,BF,BF,6.429,6.57,2.431,1.703,-1.293,-1.698,,0.818,265.795,2.85,15,4,15,4,Sup,Paracou,,,,,,,,,,,,255.8182944,0.130115578,0.573400012,1.08083358,1.78434917
120,142667,14,2,461,Iryanthera,hostmannii,Iryanthera_hostmannii,Myristicaceae,BF,BF,2.636,2.716,1.046,1.597,-1.12,-1.56,,0.816,50.04,0.962,12,2,11,3,Sup,Paracou,,,,,,,,,,,,55.628125,0.221328155,1.085225622,2.560894257,3.867448034
121,142472,14,2,265,Iryanthera,sagotiana,Iryanthera_sagotiana,Myristicaceae,TF,TF,1.174,1.167,0.473,1.468,-1.023,-1.482,,0.801,48.421,2.335,14,2,12,3,Mid,Paracou,,,,,,,,,,,,53.16760972,0.275918515,1.301788241,3.77000639,5.347713146
122,143155,14,2,953,Eschweilera,coriacea,Eschweilera_coriacea,Lecythidaceae,Generalist,BF,1.312,1.319,0.468,1.82,-1.32,-1.72,,0.792,104.154,2.238,8,3,8,3,Sup,Paracou,,,,,,,,,,,,114.3471208,0.142610369,0.955615504,2.8850597,3.983285573
123,142984,14,2,779,Iryanthera,hostmannii,Iryanthera_hostmannii,Myristicaceae,BF,BF,1.042,1.06,0.489,1.17,-1.195,-1.62,,0.814,39.238,2.328,10,2,7,4,Mid,Paracou,,,,,,,,,,,,43.20760833,0.32169896,1.521036835,3.432853228,5.275589024
124,142990,14,2,785,Eschweilera,coriacea,Eschweilera_coriacea,Lecythidaceae,Generalist,BF,2.781,2.822,1.405,1.008,-1.213,-1.634,,0.813,57.663,1.886,23,3,18,4,Mid,Paracou,,,,,,,,,,,,63.31020278,0.223612391,1.342166111,4.340639026,5.906417527
125,143065,14,2,861,Eperua,falcata,Eperua_falcata,Fabaceae,BF,BF,0.744,0.752,0.372,1.019,-1.468,-1.838,,0.739,33.132,1.17,29,4,27,4,Mid,Paracou,,,,,,,,,,,,36.05305278,0.330115478,2.050657586,5.556037135,7.936810198
126,142950,14,2,745,Vouacapoua,americana,Vouacapoua_americana,Fabaceae,TF,TF,0.848,0.837,0.441,0.898,-2.04,-2.295,,0.831,35.564,2.716,22,2,18,3,Mid,Paracou,,,,,,,,,,,,39.47790139,0.35322807,1.275505457,4.319033971,5.947767498
127,142685,14,2,479,Eschweilera,coriacea,Eschweilera_coriacea,Lecythidaceae,Generalist,TF,2.63,2.638,1.034,1.551,-1.13,-1.568,,0.824,136.812,0.983,16,4,13,4,Mid,Paracou,,,,,,,,,,,,150.68285,0.135477486,0.725958545,3.431322633,4.292758665
128,142527,14,2,320,Protium,opacum subsp. rabelianum,Protium_opacum,Burseraceae,BF,BF,0.869,0.861,0.349,1.466,-1.765,-2.075,,0.778,81.001,3.794,28,4,24,4,Mid,Paracou,,,,,,,,,,,,89.14956528,0.20932351,1.060842208,2.703704129,3.973869847
129,142291,14,2,80,Virola,michelii,Virola_michelii,Myristicaceae,Generalist,TF,0.922,0.932,0.403,1.31,-1.36,-1.752,,0.765,31.645,9.084,24,4,24,4,Sup,Paracou,,,,,,,,,,,,35.03875278,0.385003576,1.816154889,2.535440275,4.73659874
130,142646,14,2,440,Casearia,javitensis,Casearia_javitensis,Salicaceae,TF,TF,1.158,0.579,0.582,-0.005,-1.835,-2.131,,0.801,77.344,4.207,13,2,10,3,Mid,Paracou,,,,,,,,,,,,85.16211944,0.179666234,0.721908431,1.951952082,2.853526747
131,142662,14,2,456,Laetia,procera,Laetia_procera,Salicaceae,BF,BF,2.232,2.253,0.936,1.407,-1.625,-1.963,,0.818,55.58,2.328,34,4,31,4,Sup,Paracou,,,,,,,,,,,,60.44662639,0.172613706,1.234268907,4.139716036,5.546598649
132,143007,14,2,802,Eperua,falcata,Eperua_falcata,Fabaceae,BF,BF,0.598,0.602,0.279,1.16,-1.323,-1.722,,0.785,35.6,1.322,26,4,23,4,Mid,Paracou,,,,,,,,,,,,38.77857083,0.278431923,1.838854648,5.863625227,7.980911798
133,143035,14,2,831,Virola,surinamensis,Virola_surinamensis,Myristicaceae,BF,BF,0.862,0.91,0.321,1.835,-1.32,-1.72,,0.826,20.777,3.691,36,5,31,5,Mid,Paracou,,,,,,,,,,,,23.15390556,0.495977035,2.632303077,7.774270257,10.90255037
134,141912,14,1,763,Bocoa,prouacensis,Bocoa_prouacensis,Fabaceae,Generalist,BF,0.673,0.954,0.427,1.235,-1.46,-1.832,,0.829,62.371,2.291,23,5,20,5,Sup,Paracou,,,,,,,,,,,,68.3867375,0.171208667,1.088512412,0.890267402,2.149988481
135,143058,14,2,854,Jacaranda,copaia subsp. copaia,Jacaranda_copaia subsp. copaia,Bignoniaceae,Generalist,BF,0.8835,0.913,0.4585,0.9912759,,,,0.81,16.98501895,11.52409566,29,4,27,4,Sup,Paracou,,,,,,,,,,,,18.73447778,0.376160412,1.5869389,2.74944026,4.712539572
136,141725,14,1,576,Symphonia,globulifera,Symphonia_globulifera,Clusiaceae,BF,BF,0.569,0.559,0.207,1.702,-1.243,-1.658,,0.782,16.263,2.835,39,4,30,4,Inf,Paracou,,,,,,,,,,,,17.85435417,0.497614153,5.314989411,2.446052973,8.258656537
137,143297,14,3,67,Bocoa,prouacensis,Bocoa_prouacensis,Fabaceae,Generalist,BF,0.421,0.407,0.14,1.915,-1,-1.464,,0.82,38.169,1.309,22,3,18,3,Inf,Paracou,,,,,,,,,,,,41.99810833,0.278844774,1.777593476,1.030532021,3.086970271
138,141168,14,1,10,Laetia,procera,Laetia_procera,Salicaceae,BF,BF,4.283,4.334,1.774,1.444,-1.353,-1.746,,0.842,93.028,4.614,26,4,22,4,Mid,Paracou,,,,,,,,,,,,101.6870306,0.150675805,0.906621933,2.480291942,3.53758968
139,141172,14,1,14,Symphonia,globulifera,Symphonia_globulifera,Clusiaceae,BF,BF,1.458,1.453,0.544,1.673,-1.343,-1.738,,0.798,33.806,4.341,27,4,23,5,Mid,Paracou,,,,,,,,,,,,37.07021528,0.320448772,3.167331338,2.5333709,6.021151009
140,126739,11,1,216,Poraqueiba,guianensis,Poraqueiba_guianensis,Metteniusaceae,TF,TF,1.073,1.109,0.501,1.212,-1.593,-1.937,,0.831,62.423,2.247,16,2,14,2,Mid,Paracou,,,,,,,,,,,,68.88506806,0.233860421,1.110345883,3.095570837,4.43977714
141,141732,14,1,583,Tachigali,melinonii,Tachigali_melinonii,Fabaceae,Generalist,BF,0.263,0.267,0.115,1.333,-1.493,-1.858,,0.787,10.436,3.782,34,5,26,4,Inf,Paracou,,,,,,,,,,,,11.51539583,0.59047133,2.00326167,2.709386833,5.303119833
142,141516,14,1,367,Chrysophyllum,prieurii,Chrysophyllum_prieurii,Sapotaceae,Generalist,BF,1.829,1.842,0.791,1.329,-0.793,-1.298,,0.822,78.671,7.275,18,3,14,3,Inf,Paracou,,,,,,,,,,,,85.42569444,0.227997426,0.780187182,2.272050411,3.280235019
143,143313,14,3,83,Protium,opacum subsp. rabelianum,Protium_opacum,Burseraceae,BF,BF,1.647,1.659,0.71,1.337,-1.575,-1.923,,0.831,89.248,4.737,18,3,14,3,Inf,Paracou,,,,,,,,,,,,98.23691944,0.206992936,1.221303154,2.566703138,3.994999227
144,143306,14,3,76,Carapa,surinamensis,Carapa_surinamensis,Meliaceae,BF,BF,3.842,3.909,1.466,1.666,-1.375,-1.764,,0.83,98.969,1.709,24,5,24,4,Sup,Paracou,,,,,,,,,,,,110.3044778,0.175498538,0.897045461,1.883385935,2.955929935
145,141465,14,1,316,Protium,stevensonii,Protium_stevensonii,Burseraceae,Generalist,TF,0.475,0.469,0.228,1.056,-1.785,-2.091,,0.831,35.525,2.585,14,2,12,3,Mid,Paracou,,,,,,,,,,,,39.09064306,0.345935972,1.519118479,3.6645099,5.529564352
146,142036,14,1,887,Licania,membranacea,Licania_membranacea,Chrysobalanaceae,TF,TF,0.927,0.943,0.45,1.098,-1.523,-1.881,,0.797,18.668,5.136,18,3,14,3,Inf,Paracou,,,,,,,,,,,,20.48555278,0.39718663,1.861988349,4.835099695,7.094274673
147,142081,14,1,932,Eperua,falcata,Eperua_falcata,Fabaceae,BF,BF,1.323,0.441,0.186,1.366,-1.095,-1.54,,0.607,40.381,3.598,23,3,17,3,Inf,Paracou,,,,,,,,,,,,44.31394583,0.315808016,2.291886562,4.8967607,7.504455278
148,138144,13,2,108,Laetia,procera,Laetia_procera,Salicaceae,BF,BF,2.459,2.514,0.847,1.968,-1.248,-1.662,,0.805,99.091,1.224,17,2,17,2,Sup,Paracou,,,,,,,,,,,,109.5001736,0.16637232,0.965685276,1.574969589,2.707027185
149,138122,13,2,86,Pterocarpus,officinalis,Pterocarpus_officinalis,Fabaceae,BF,BF,0.589,0.589,0.238,1.478,-1.19,-1.616,,0.828,28.364,1.236,28,4,23,2,Inf,Paracou,,,,,,,,,,,,31.31539028,0.296309955,1.464117785,2.193809128,3.954236868
150,138083,13,2,47,Bocoa,prouacensis,Bocoa_prouacensis,Fabaceae,Generalist,BF,1.608,1.626,0.768,1.115,-1.86,-2.151,,0.75,64.614,1.838,12,5,12,4,Sup,Paracou,,,,,,,,,,,,70.91469583,0.185485106,0.895037083,2.10986598,3.190388168
151,141222,14,1,64,Poraqueiba,guianensis,Poraqueiba_guianensis,Metteniusaceae,TF,TF,2.196,2.241,0.876,1.558,-1.743,-2.057,,0.828,79.337,3.181,20,3,17,3,Mid,Paracou,,,,,,,,,,,,87.25289861,0.199092624,1.089156934,3.838488915,5.126738473
152,141631,14,1,482,Casearia,javitensis,Casearia_javitensis,Salicaceae,TF,TF,1.785,1.791,0.969,0.848,-1.823,-2.121,,0.727,71.311,6.939,13,2,13,2,Sup,Paracou,,,,,,,,,,,,77.67380139,0.238842441,0.805314185,2.273242319,3.317398946
153,141607,14,1,458,Dicorynia,guianensis,Dicorynia_guianensis,Fabaceae,TF,TF,1.038,0.995,0.426,1.335,-1.29,-1.696,,0.834,58.64,7.8,40,5,31,4,Mid,Paracou,,,,,,,,,,,,64.38581111,0.212240515,1.446032969,3.271483531,4.929757015
154,141857,14,1,708,Iryanthera,sagotiana,Iryanthera_sagotiana,Myristicaceae,TF,TF,0.686,0.643,0.227,1.834,-1.193,-1.618,,0.805,45.221,2.49,17,2,14,3,Mid,Paracou,,,,,,,,,,,,49.77565972,0.262692213,1.295237788,3.380635407,4.938565407
155,141969,14,1,820,Bocoa,prouacensis,Bocoa_prouacensis,Fabaceae,Generalist,TF,2.805,2.708,1.359,0.993,-0.975,-1.444,,0.752,87.171,7.901,19,3,18,4,Mid,Paracou,,,,,,,,,,,,96.00185694,0.17458037,0.61841355,2.171483282,2.964477202
156,145138,14,3,814,Poraqueiba,guianensis,Poraqueiba_guianensis,Metteniusaceae,TF,TF,1.458,1.479,0.675,1.19,-1.765,-2.075,,0.822,62.433,2.133,18,3,16,2,Mid,Paracou,,,,,,,,,,,,68.99936806,0.209183233,1.010781013,3.30745374,4.527417986
157,143500,14,3,271,Protium,opacum subsp. rabelianum,Protium_opacum,Burseraceae,BF,BF,1.151,1.167,0.501,1.329,-2.023,-2.281,,0.795,33.336,3.005,18,3,16,2,Mid,Paracou,,,,,,,,,,,,36.96760417,0.344554649,1.751753425,4.200868001,6.297176076
158,144184,14,3,2659,Iryanthera,hostmannii,Iryanthera_hostmannii,Myristicaceae,BF,BF,1.906,1.913,0.827,1.315,-1.25,-1.664,,0.801,90.904,2.135,12,2,10,3,Mid,Paracou,,,,,,,,,,,,100.9394083,0.195064649,1.083970101,3.373921059,4.65295581
159,143542,14,3,314,Eschweilera,coriacea,Eschweilera_coriacea,Lecythidaceae,Generalist,TF,1.363,1.4,0.62,1.259,-1.278,-1.686,,0.812,60.261,1.323,20,3,20,4,Sup,Paracou,,,,,,,,,,,,66.3786,0.239431497,1.193406168,5.355810193,6.788647858
160,143554,14,3,326,Poraqueiba,guianensis,Poraqueiba_guianensis,Metteniusaceae,TF,TF,0.982,1.051,0.386,1.722,-1.693,-2.017,,0.813,50.059,4.662,18,2,14,4,Inf,Paracou,,,,,,,,,,,,55.26106667,0.260763445,1.256630627,3.404743833,4.922137905
161,143929,14,3,701,Chrysophyllum,prieurii,Chrysophyllum_prieurii,Sapotaceae,Generalist,BF,1.157,1.201,0.495,1.429,-1.93,-2.207,,0.802,200.646,1.279,22,3,15,2,Inf,Paracou,,,,,,,,,,,,199.836211,0.130313239,0.643048793,2.946946365,3.720308397
162,143947,14,3,719,Jacaranda,copaia subsp. copaia,Jacaranda_copaia subsp. copaia,Bignoniaceae,Generalist,TF,0.423,0.428,0.192,1.223,-1.113,-1.554,,0.794,20.061,6.723,22,5,18,3,Inf,Paracou,,,,,,,,,,,,21.90997361,0.330026195,1.727439345,2.81690995,4.87437549
163,143969,14,3,741,Tachigali,melinonii,Tachigali_melinonii,Fabaceae,Generalist,TF,0.27,0.279,0.123,1.272,-1.58,-1.927,,0.802,9,3.124,35,5,23,4,Mid,Paracou,,,,,,,,,,,,9.900519444,0.690041861,2.232274185,5.488820456,8.411136503
164,143250,14,3,20,Bocoa,prouacensis,Bocoa_prouacensis,Fabaceae,Generalist,BF,0.625,0.581,0.29,1.003,-1.515,-1.875,,0.805,31.814,3.719,24,3,18,4,Mid,Paracou,,,,,,,,,,,,34.61861389,0.287212101,1.195661976,2.481054184,3.963928262
165,143346,14,3,116,Laetia,procera,Laetia_procera,Salicaceae,BF,BF,2.255,2.308,0.896,1.575,-1.74,-2.055,,0.822,111.638,1.124,25,3,23,3,Sup,Paracou,,,,,,,,,,,,123.2045486,0.149847516,1.009542307,3.42616845,4.585558274
166,143641,14,3,413,Poraqueiba,guianensis,Poraqueiba_guianensis,Metteniusaceae,TF,TF,2.431,2.478,1.06,1.338,-1.443,-1.818,,0.778,85.217,1.59,10,3,7,4,Mid,Paracou,,,,,,,,,,,,96.24251944,0.179695164,0.986224133,3.255312542,4.421231839
167,143877,14,3,649,Eschweilera,coriacea,Eschweilera_coriacea,Lecythidaceae,Generalist,BF,1.996,2.045,0.956,1.138,-1.21,-1.632,,0.8,89.504,0.942,22,4,20,4,Sup,Paracou,,,,,,,,,,,,98.73590833,0.18174156,0.981171823,4.697256609,5.860169992
168,144204,14,3,2679,Jacaranda,copaia subsp. copaia,Jacaranda_copaia subsp. copaia,Bignoniaceae,Generalist,BF,0.56,0.573,0.251,1.28,-1.07,-1.52,,0.795,25.927,3.639,17,2,17,2,Sup,Paracou,,,,,,,,,,,,28.84327639,0.391153687,1.007191569,2.229195103,3.627540359
169,144207,14,3,2682,Tachigali,melinonii,Tachigali_melinonii,Fabaceae,Generalist,TF,0.406,0.422,0.186,1.274,-1.378,-1.766,,0.83,28.678,1.818,32,5,22,5,Mid,Paracou,,,,,,,,,,,,31.73385556,0.378414045,1.479070485,3.08998002,4.947464551
170,144835,14,4,593,Iryanthera,sagotiana,Iryanthera_sagotiana,Myristicaceae,TF,TF,0.686,0.689,0.261,1.643,-1.163,-1.594,,0.817,29.156,0.74,15,3,13,3,Mid,Paracou,,,,,,,,,,,,31.90845417,0.377409131,2.068252658,6.721798679,9.167460468
171,140725,13,4,669,Hymenopus,heteromorphus,Hymenopus_heteromorphus,Chrysobalanaceae,Generalist,TF,0.657,0.645,0.278,1.323,-0.92,-1.4,,0.829,31.137,3.702,22,4,18,4,Mid,Paracou,,,,,,,,,,,,34.27943611,0.292373595,1.433752645,4.491642441,6.217768681
172,141137,13,4,2830,Conceveiba,guianensis,Conceveiba_guianensis,Euphorbiaceae,Generalist,TF,1.997,2.009,0.966,1.079,-1.483,-1.85,,0.817,104.392,1.619,16,2,14,2,Mid,Paracou,,,,,,,,,,,,114.1649292,0.175258688,0.512773779,1.946413662,2.63444613
173,141103,13,4,2501,Hymenopus,heteromorphus,Hymenopus_heteromorphus,Chrysobalanaceae,Generalist,TF,0.652,0.654,0.263,1.49,-1.033,-1.49,,0.843,17.615,3.262,19,3,15,4,Mid,Paracou,,,,,,,,,,,,19.60426944,0.3440739,1.861802839,6.526337001,8.73221374
174,205811,11,2,2966,Jacaranda,copaia subsp. copaia,Jacaranda_copaia subsp. copaia,Bignoniaceae,Generalist,BF,0.9079,0.9028,0.4019,1.246329933,,,,0.821,19.68716073,5.233856933,13,5,13,4,Sup,Paracou,,,,,,,,,,,,21.63458889,0.354365301,1.82360001,0.963540143,3.141505454
175,144269,14,3,26,Dicorynia,guianensis,Dicorynia_guianensis,Fabaceae,TF,TF,1.392,1.423,0.554,1.57,-0.99,-1.456,,0.834,89.499,2.982,25,3,25,4,Sup,Paracou,,,,,,,,,,,,98.377175,0.181327882,1.099401115,3.948591995,5.229320992
176,138115,13,2,79,Conceveiba,guianensis,Conceveiba_guianensis,Euphorbiaceae,Generalist,BF,1.544,1.521,0.578,1.632,-1.56,-1.911,,0.805,153.782,1.332,18,2,12,2,Inf,Paracou,,,,,,,,,,,,168.6754125,0.120316776,0.529504283,1.886399023,2.536220081
177,128304,11,2,558,Jacaranda,copaia subsp. copaia,Jacaranda_copaia subsp. copaia,Bignoniaceae,Generalist,TF,0.66,0.675,0.221,2.057,-1.453,-1.826,,0.822,12.581,6.668,18,3,17,3,Mid,Paracou,,,,,,,,,,,,13.83919583,0.483420463,1.799544688,5.559386678,7.842351829
178,131244,11,4,2848,Pterocarpus,officinalis,Pterocarpus_officinalis,Fabaceae,BF,BF,0.642,0.662,0.214,2.093,-0.93,-1.408,,0.817,32.463,4.401,13,5,11,5,Inf,Paracou,,,,,,,,,,,,35.85709306,0.227235672,0.965307927,3.083099218,4.275642818
179,226979,11,2,2979,Hymenopus,heteromorphus,Hymenopus_heteromorphus,Chrysobalanaceae,Generalist,BF,0.837,0.841,0.378,1.226,-0.87,-1.36,,0.829,26.027,2.451,15,2,13,4,Mid,Paracou,,,,,,,,,,,,28.59569167,0.402441448,1.496030307,6.286638013,8.185109768
180,226634,11,2,2972,Jacaranda,copaia subsp. copaia,Jacaranda_copaia subsp. copaia,Bignoniaceae,Generalist,BF,0.9464,0.9776,0.4055,1.410850801,,,,0.783,26.13223352,5.570758614,13,5,13,4,Inf,Paracou,,,,,,,,,,,,28.77295556,0.305034653,1.28805999,1.947742171,3.540836814
181,130974,11,4,994,Hymenopus,heteromorphus,Hymenopus_heteromorphus,Chrysobalanaceae,Generalist,BF,0.66,0.664,0.272,1.439,-1.078,-1.526,,0.842,30.441,4.563,18,2,16,3,Mid,Paracou,,,,,,,,,,,,33.42787639,0.300311771,1.357139011,4.918284838,6.575735621
182,131011,11,4,1032,Pterocarpus,officinalis,Pterocarpus_officinalis,Fabaceae,BF,BF,0.601,0.604,0.159,2.803,-1.19,-1.616,,0.809,34.386,1.919,23,3,19,4,Inf,Paracou,,,,,,,,,,,,38.11861528,0.296633639,1.363860308,4.860127742,6.520621689
183,127971,11,2,196,Conceveiba,guianensis,Conceveiba_guianensis,Euphorbiaceae,Generalist,TF,1.526,1.548,0.714,1.167,-1.22,-1.64,,0.803,75.406,1.82,15,2,14,3,Sup,Paracou,,,,,,,,,,,,82.84362778,0.201976781,0.653511881,1.602708651,2.458197314
184,127386,11,1,896,Poraqueiba,guianensis,Poraqueiba_guianensis,Metteniusaceae,TF,TF,1.795,1.812,0.836,1.167,-1.503,-1.865,,0.809,65.398,7.232,18,4,16,4,Mid,Paracou,,,,,,,,,,,,72.14482639,0.199412934,1.000994319,3.064714089,4.265121341
185,141112,13,4,2805,Hymenopus,heteromorphus,Hymenopus_heteromorphus,Chrysobalanaceae,Generalist,TF,1.043,1.056,0.423,1.499,-1.078,-1.526,,0.815,41.53,3.161,16,3,13,3,Mid,Paracou,,,,,,,,,,,,45.8924125,0.250050212,1.359266037,4.036594098,5.645910347
186,226623,11,1,2966,Jacaranda,copaia subsp. copaia,Jacaranda_copaia subsp. copaia,Bignoniaceae,Generalist,TF,0.929,0.925,0.375,1.466,-0.89,-1.376,,0.831,29.74,5.886,22,4,21,4,Sup,Paracou,,,,,,,,,,,,32.71756944,0.343924538,1.571534369,1.003420486,2.918879393
187,184588,11,4,2905,Jacaranda,copaia subsp. copaia,Jacaranda_copaia subsp. copaia,Bignoniaceae,Generalist,TF,0.343,0.344,0.134,1.573,-1.005,-1.468,,0.8,20.513,4.973,17,4,16,4,Sup,Paracou,,,,,,,,,,,,22.78785833,0.392978858,2.050731302,2.945324596,5.389034755
188,130578,11,4,567,Jacaranda,copaia subsp. copaia,Jacaranda_copaia subsp. copaia,Bignoniaceae,Generalist,TF,0.508,0.511,0.185,1.765,-1.075,-1.524,,0.812,23.141,2.027,24,3,20,3,Sup,Paracou,,,,,,,,,,,,25.44101944,0.344281521,1.406150287,1.546755517,3.297187325
189,129933,11,3,1044,Virola,michelii,Virola_michelii,Myristicaceae,Generalist,TF,0.632,0.66,0.294,1.247,-1.715,-2.035,,0.691,37.511,1.828,25,4,22,4,Mid,Paracou,,,,,,,,,,,,41.48415972,0.29589733,1.883850961,4.320344039,6.50009233
190,130118,11,4,48,Virola,michelii,Virola_michelii,Myristicaceae,Generalist,TF,0.955,0.964,0.418,1.305,-1.703,-2.025,,0.776,24.398,3.27,26,3,23,3,Mid,Paracou,,,,,,,,,,,,26.97386111,0.416310503,2.123851988,3.35608617,5.896248661
191,129381,11,3,468,Poraqueiba,guianensis,Poraqueiba_guianensis,Metteniusaceae,TF,TF,2.749,2.802,1.164,1.406,-1.485,-1.852,,0.803,53.683,0.989,17,4,14,3,Sup,Paracou,,,,,,,,,,,,59.57279167,0.259533658,1.189643466,3.713730031,5.162907154
192,130018,11,3,2301,Jacaranda,copaia subsp. copaia,Jacaranda_copaia subsp. copaia,Bignoniaceae,Generalist,BF,0.411,0.415,0.144,1.89,-0.728,-1.246,,0.816,11.021,8.451,28,4,24,4,Sup,Paracou,,,,,,,,,,,,11.95795,0.538209156,1.662745931,2.588450579,4.789405666
193,129031,11,3,103,Virola,michelii,Virola_michelii,Myristicaceae,Generalist,TF,2.008,2.012,0.813,1.476,-1.325,-1.724,,0.785,102.349,1.074,18,2,15,3,Mid,Paracou,,,,,,,,,,,,109.1769472,0.229775289,1.280254844,3.600907248,5.110937381
194,128754,11,2,1031,Tachigali,melinonii,Tachigali_melinonii,Fabaceae,Generalist,BF,0.266,0.269,0.128,1.098,-1.97,-2.239,,0.79,12.59,2.789,29,5,24,5,Mid,Paracou,,,,,,,,,,,,13.86851667,0.576319429,2.227725585,3.901167415,6.705212428
195,128369,11,2,628,Conceveiba,guianensis,Conceveiba_guianensis,Euphorbiaceae,Generalist,TF,1.184,1.203,0.587,1.05,-1.245,-1.66,,0.807,120.912,1.224,16,2,16,3,Mid,Paracou,,,,,,,,,,,,132.3172681,0.124174735,0.493841139,1.613625163,2.231641037
196,137892,13,1,1100,Hymenopus,heteromorphus,Hymenopus_heteromorphus,Chrysobalanaceae,Generalist,BF,0.466,0.443,0.208,1.129,-0.998,-1.462,,0.8,36.183,1.673,23,2,20,3,Inf,Paracou,,,,,,,,,,,,40.10415278,0.319049917,1.372505389,5.256258079,6.947813385
197,138966,13,2,938,Protium,opacum subsp. rabelianum,Protium_opacum,Burseraceae,BF,BF,0.566,0.586,0.274,1.143,-2.008,-2.269,,0.848,28.723,8.051,16,4,15,3,Sup,Paracou,,,,,,,,,,,,31.71303333,0.344929591,1.861012003,3.174356001,5.380297595
198,140467,13,4,406,Hymenopus,heteromorphus,Hymenopus_heteromorphus,Chrysobalanaceae,Generalist,TF,0.82,0.826,0.384,1.153,-1.13,-1.568,,0.18,44.527,2.449,22,2,18,3,Sup,Paracou,,,,,,,,,,,,49.13065139,0.242510524,1.378538871,4.519532508,6.140581903
199,140512,13,4,452,Bocoa,prouacensis,Bocoa_prouacensis,Fabaceae,Generalist,TF,1.096,1.091,0.458,1.379,-1.255,-1.668,,0.762,49.756,1.506,25,4,22,4,Mid,Paracou,,,,,,,,,,,,54.28561389,0.212791141,0.820374265,1.757404829,2.790570235
200,138434,13,2,400,Hymenopus,heteromorphus,Hymenopus_heteromorphus,Chrysobalanaceae,Generalist,TF,0.569,0.572,0.251,1.275,-0.998,-1.462,,0.811,23.945,2.544,26,4,24,4,Mid,Paracou,,,,,,,,,,,,26.4097875,0.317243041,1.796324439,5.11825077,7.23181825
201,137902,13,1,1110,Eperua,falcata,Eperua_falcata,Fabaceae,BF,BF,0.614,0.627,0.281,1.227,-1.653,-1.985,,0.789,18.062,1.13,26,4,22,5,Sup,Paracou,,,,,,,,,,,,19.87802361,0.467238903,3.386810866,6.142772068,9.996821838
202,138104,13,2,68,Eperua,falcata,Eperua_falcata,Fabaceae,BF,BF,0.734,0.742,0.289,1.567,-1.345,-1.74,,0.799,32.442,1.005,22,4,18,4,Mid,Paracou,,,,,,,,,,,,35.60192639,0.345003498,2.939284231,6.958726825,10.24301455
203,138158,13,2,122,Eschweilera,coriacea,Eschweilera_coriacea,Lecythidaceae,Generalist,BF,2.484,2.514,0.924,1.722,-1.34,-1.736,,0.819,90.955,1.402,16,2,16,2,Sup,Paracou,,,,,,,,,,,,100.4772569,0.199951658,0.95212525,2.47166184,3.623738749
204,138157,13,2,121,Laetia,procera,Laetia_procera,Salicaceae,BF,BF,2.791,2.838,1.162,1.442,-1.465,-1.836,,0.824,59.405,4.044,27,4,25,4,Sup,Paracou,,,,,,,,,,,,65.49411389,0.197771874,1.15396562,5.199888093,6.551625587
205,138138,13,2,102,Iryanthera,hostmannii,Iryanthera_hostmannii,Myristicaceae,BF,BF,1.1,1.113,0.464,1.397,-1.223,-1.642,,0.803,62.638,1.007,13,2,8,2,Inf,Paracou,,,,,,,,,,,,69.09739861,0.247548901,1.349490528,3.118640241,4.715679671
206,138128,13,2,92,Carapa,surinamensis,Carapa_surinamensis,Meliaceae,BF,BF,3.764,3.915,1.575,1.486,-1.455,-1.828,,0.821,152.338,1.304,20,2,16,3,Mid,Paracou,,,,,,,,,,,,151.6654852,0.175596759,0.841859534,1.599826157,2.61728245
207,138143,13,2,107,Symphonia,globulifera,Symphonia_globulifera,Clusiaceae,BF,BF,1.45,1.473,0.432,2.409,-1.308,-1.71,,0.747,44.037,1.419,23,2,17,3,Mid,Paracou,,,,,,,,,,,,48.70284861,0.290142041,2.695785364,1.753050238,4.738977643
208,138955,13,2,926,Carapa,surinamensis,Carapa_surinamensis,Meliaceae,BF,BF,5.843,6.061,2.432,1.492,-1.323,-1.722,,0.828,145.48,1.928,18,2,16,3,Mid,Paracou,,,,,,,,,,,,158.1918083,0.137855203,0.678896108,1.154057311,1.970808622
209,137579,13,1,782,Symphonia,globulifera,Symphonia_globulifera,Clusiaceae,BF,BF,0.972,0.918,0.294,2.127,-1.475,-1.844,,0.782,28.972,2.996,30,5,22,4,Mid,Paracou,,,,,,,,,,,,31.98713056,0.37679932,3.376773293,3.118023728,6.871596342
210,137314,13,1,514,Chrysophyllum,prieurii,Chrysophyllum_prieurii,Sapotaceae,Generalist,BF,2.468,2.481,1.099,1.258,-1.973,-2.241,,0.81,123.896,2.969,18,3,16,3,Sup,Paracou,,,,,,,,,,,,135.1460486,0.152190411,0.81616212,4.662530734,5.630883265
211,137018,13,1,114,Conceveiba,guianensis,Conceveiba_guianensis,Euphorbiaceae,Generalist,BF,1.452,1.456,0.58,1.509,-1.455,-1.828,,0.831,132.995,3.036,17,2,12,3,Sup,Paracou,,,,,,,,,,,,146.0648292,0.140282172,0.57641272,1.674508908,2.391203801
212,137209,13,1,408,Hymenopus,heteromorphus,Hymenopus_heteromorphus,Chrysobalanaceae,Generalist,BF,0.347,0.329,0.146,1.257,-1.103,-1.546,,0.801,13.014,12.383,16,2,14,2,Sup,Paracou,,,,,,,,,,,,14.28882778,0.457948277,2.255190361,7.467922605,10.18106124
213,138956,13,2,927,Eperua,falcata,Eperua_falcata,Fabaceae,BF,BF,0.393,0.392,0.161,1.437,-1.525,-1.883,,0.817,17.062,4.346,16,2,14,3,Mid,Paracou,,,,,,,,,,,,18.76083611,0.420727546,3.133639702,6.297768052,9.852135299
214,137431,13,1,634,Hymenopus,heteromorphus,Hymenopus_heteromorphus,Chrysobalanaceae,Generalist,BF,0.584,0.579,0.273,1.125,-1.07,-1.52,,0.819,22.432,8.834,27,3,22,3,Mid,Paracou,,,,,,,,,,,,24.73128333,0.327048029,1.929027346,5.361386025,7.6174614
215,137892,13,1,1100,Hymenopus,heteromorphus,Hymenopus_heteromorphus,Chrysobalanaceae,Generalist,BF,0.841,0.825,0.372,1.222,-1.083,-1.53,,0.821,40.805,3.805,12,2,10,2,Mid,Paracou,,,,,,,,,,,,45.82584028,0.274395859,1.230880936,4.947780423,6.453057218
216,137869,13,1,1075,Eschweilera,coriacea,Eschweilera_coriacea,Lecythidaceae,Generalist,BF,1.755,1.764,0.722,1.443,-1.073,-1.522,,0.814,63.87,1.561,25,3,19,3,Mid,Paracou,,,,,,,,,,,,70.774825,0.207983459,1.215520923,6.444081892,7.867586274
217,226808,14,1,2936,Tachigali,melinonii,Tachigali_melinonii,Fabaceae,Generalist,TF,0.237,0.232,0.099,1.345,-1.228,-1.646,,0.822,9.274,2.785,22,4,18,4,Sup,Paracou,,,,,,,,,,,,10.25636667,0.661874157,2.076684586,5.761241753,8.499800497
218,237384,14,1,2954,Casearia,javitensis,Casearia_javitensis,Salicaceae,TF,TF,2.121,2.157,1.126,0.917,-1.445,-1.82,,0.806,69.042,1.213,12,2,9,3,Mid,Paracou,,,,,,,,,,,,75.60529167,0.221977275,0.759939596,2.129921311,3.111838182
219,143348,14,3,118,Tachigali,melinonii,Tachigali_melinonii,Fabaceae,Generalist,BF,0.341,0.351,0.137,1.557,-1.735,-2.051,,0.788,14.508,1.375,24,4,16,3,Mid,Paracou,,,,,,,,,,,,16.01965,0.512012679,2.504069351,5.491306654,8.507388684
220,180531,14,3,2735,Tachigali,melinonii,Tachigali_melinonii,Fabaceae,Generalist,BF,0.391,0.368,0.152,1.416,-1.52,-1.879,,0.843,19.869,2.513,20,4,16,4,Mid,Paracou,,,,,,,,,,,,21.92407917,0.441780074,1.528512814,6.058472099,8.028764987
221,138754,13,2,720,Pterocarpus,officinalis,Pterocarpus_officinalis,Fabaceae,BF,BF,1.322,1.368,0.554,1.467,-1.5,-1.864,,0.804,26.96,3.56,18,3,15,3,Inf,Paracou,,,,,,,,,,,,30.010125,0.25241975,1.466364501,2.28258273,4.001366981
222,138533,13,2,499,Eschweilera,coriacea,Eschweilera_coriacea,Lecythidaceae,Generalist,BF,1.741,1.791,0.819,1.188,-1.61,-1.951,,0.759,83.856,1.678,28,4,23,3,Mid,Paracou,,,,,,,,,,,,92.38942083,0.177960357,0.938024431,3.116096643,4.232081431
223,138957,13,2,928,Symphonia,globulifera,Symphonia_globulifera,Clusiaceae,BF,BF,0.68,0.68,0.227,2.004,-1.275,-1.684,,0.811,39.23,2.043,21,4,21,4,Sup,Paracou,,,,,,,,,,,,43.22969028,0.257698944,2.794057075,2.838728325,5.890484344
224,138814,13,2,782,Hymenopus,heteromorphus,Hymenopus_heteromorphus,Chrysobalanaceae,Generalist,BF,0.834,0.854,0.398,1.143,-1,-1.464,,0.798,22.308,9.493,18,2,16,2,Mid,Paracou,,,,,,,,,,,,24.86420139,0.321953782,1.606783961,5.054583344,6.983321087
225,138941,13,2,912,Eperua,falcata,Eperua_falcata,Fabaceae,BF,BF,0.713,0.717,0.339,1.115,-1.395,-1.78,,0.808,49.24,5.381,11,2,9,3,Mid,Paracou,,,,,,,,,,,,54.09061944,0.268101026,2.259363074,3.920454098,6.447918198
226,138828,13,2,797,Pterocarpus,officinalis,Pterocarpus_officinalis,Fabaceae,BF,BF,0.883,0.912,0.332,1.749,-1.365,-1.756,,0.832,46.562,3.658,18,2,15,2,Inf,Paracou,,,,,,,,,,,,51.86173056,0.262149887,1.060985711,4.955396006,6.278531603
227,138668,13,2,634,Pterocarpus,officinalis,Pterocarpus_officinalis,Fabaceae,BF,BF,0.852,0.876,0.338,1.591,-1.123,-1.562,,0.836,23.408,2.802,23,3,20,3,Sup,Paracou,,,,,,,,,,,,25.90080139,0.288251917,1.238995214,2.850086381,4.377333512
228,138663,13,2,629,Symphonia,globulifera,Symphonia_globulifera,Clusiaceae,BF,BF,1.771,1.805,0.628,1.875,-1.478,-1.846,,0.736,24.407,2.263,27,4,26,4,Sup,Paracou,,,,,,,,,,,,26.75370694,0.374809948,2.568922115,2.505887392,5.449619454
229,138769,13,2,737,Pterocarpus,officinalis,Pterocarpus_officinalis,Fabaceae,BF,BF,0.635,0.655,0.231,1.829,-1.043,-1.498,,0.828,31.786,1.38,25,4,25,4,Sup,Paracou,,,,,,,,,,,,35.24366944,0.241357346,1.213751549,3.941556521,5.396665417
230,141512,14,1,363,Tachigali,melinonii,Tachigali_melinonii,Fabaceae,Generalist,BF,0.658,0.499,0.236,1.111,-1.538,-1.893,,0.829,21.155,2.067,32,5,20,4,Mid,Paracou,,,,,,,,,,,,23.40301111,0.400267234,1.539754189,4.40594009,6.345961513
231,141752,14,1,603,Chrysophyllum,prieurii,Chrysophyllum_prieurii,Sapotaceae,Generalist,BF,1.507,1.534,0.593,1.588,-1.633,-1.969,,0.819,85.042,1.596,25,4,18,3,Mid,Paracou,,,,,,,,,,,,92.90786944,0.168647465,1.032697733,4.704402879,5.905748076
232,137980,13,1,2803,Symphonia,globulifera,Symphonia_globulifera,Clusiaceae,BF,BF,1.296,1.234,0.399,2.091,-1.198,-1.622,,0.761,46.06,1.564,22,5,18,4,Mid,Paracou,,,,,,,,,,,,50.64997083,0.275237334,3.091678915,2.399282303,5.766198551
233,138018,13,1,2841,Laetia,procera,Laetia_procera,Salicaceae,BF,BF,3.375,3.42,1.321,1.589,-1.38,-1.768,,0.816,65.613,2.529,22,4,20,4,Mid,Paracou,,,,,,,,,,,,72.21024861,0.174420597,1.095355626,2.763912664,4.033688887
234,137163,13,1,361,Conceveiba,guianensis,Conceveiba_guianensis,Euphorbiaceae,Generalist,BF,8.504,8.544,3.682,1.321,-1.565,-1.915,,0.789,262.367,3.724,16,2,12,3,Inf,Paracou,,,,,,,,,,,,336.8354195,0.073683151,0.39199971,1.749341179,2.215024041
235,137064,13,1,160,Virola,michelii,Virola_michelii,Myristicaceae,Generalist,BF,1.612,1.668,0.755,1.209,-2.035,-2.291,,0.751,66.093,13.774,28,4,26,5,Mid,Paracou,,,,,,,,,,,,73.05825694,0.270748462,1.263745381,3.089654017,4.624147861
236,137855,13,1,1061,Jacaranda,copaia subsp. copaia,Jacaranda_copaia subsp. copaia,Bignoniaceae,Generalist,BF,0.4,0.4,0.13,2.085,-0.86,-1.352,,0.819,13.699,8.073,24,4,20,3,Inf,Paracou,,,,,,,,,,,,15.13114306,0.435059877,1.946317841,2.289339358,4.670717077
237,137648,13,1,853,Chrysophyllum,prieurii,Chrysophyllum_prieurii,Sapotaceae,Generalist,BF,2.79,2.869,1.235,1.323,-2.12,-2.359,,0.818,102.523,3.099,25,4,21,2,Inf,Paracou,,,,,,,,,,,,111.9397306,0.171594331,0.797813586,5.725287625,6.694695542
238,137705,13,1,910,Hymenopus,heteromorphus,Hymenopus_heteromorphus,Chrysobalanaceae,Generalist,BF,0.361,0.37,0.172,1.148,-1.415,-1.796,,0.828,24.353,4.669,15,3,14,2,Sup,Paracou,,,,,,,,,,,,35.79757778,0.248619903,1.347158154,4.905575411,6.501353468
239,205863,13,3,2921,Hymenopus,heteromorphus,Hymenopus_heteromorphus,Chrysobalanaceae,Generalist,BF,0.915,0.926,0.434,1.134,-1.145,-1.58,,0.808,32.358,2.182,16,3,16,3,Sup,Paracou,,,,,,,,,,,,35.67892083,0.290151773,1.513476337,5.034125068,6.837753178
240,141162,14,1,4,Eperua,falcata,Eperua_falcata,Fabaceae,BF,BF,2.583,2.629,1.208,1.176,-1.135,-1.572,,0.794,95,1.906,21,3,16,4,Mid,Paracou,,,,,,,,,,,,104.4755639,0.181483748,0.85968514,2.618084881,3.65925377
241,146077,15,1,770,Jacaranda,copaia subsp. copaia,Jacaranda_copaia subsp. copaia,Bignoniaceae,Generalist,BF,0.634,0.641,0.24,1.674,-0.933,-1.41,,0.796,14.658,8.45,27,5,26,4,Sup,Paracou,,,,,,,,,,,,16.179675,0.411324034,2.065230715,3.413746084,5.890300833
242,146708,15,2,452,Bocoa,prouacensis,Bocoa_prouacensis,Fabaceae,Generalist,TF,1.335,1.339,0.637,1.102,-1.468,-1.838,,0.758,50.166,2.586,26,3,21,4,Sup,Paracou,,,,,,,,,,,,54.70655417,0.228103139,1.071579679,1.745987911,3.04567073
243,146701,15,2,445,Conceveiba,guianensis,Conceveiba_guianensis,Euphorbiaceae,Generalist,TF,3.578,3.665,1.639,1.237,-1.443,-1.818,,0.816,87.212,2.177,25,4,20,3,Sup,Paracou,,,,,,,,,,,,95.86432222,0.167384008,0.544046967,1.96937151,2.680802484
244,145292,14,4,2537,Tachigali,melinonii,Tachigali_melinonii,Fabaceae,Generalist,BF,0.413,0.416,0.19,1.191,-1.455,-1.828,,0.753,10.866,2.143,26,4,16,4,Inf,Paracou,,,,,,,,,,,,12.00450417,0.508740881,2.063545546,5.512682865,8.084969291
657,,16,15,320,Virola,surinamensis,Virola_surinamensis,,,BF,,,,2.463548305,,-1.7836,,0.69,35.55058933,2.59671714,25,5,25,5,,Paracou,1,1,73.82247876,394.4444444,78.65558828,0.391836691,0.942436645,285569.3,581590.8,40.2662006,6.632184982,53.9621703,0.290519441,2.041341086,7.899904031,10.23176456
658,,16,15,2745,Jacaranda,copaia,Jacaranda_copaia subsp. copaia,,,BF,,,,3.866151866,,-1.66375,,0.82,13.93241937,1.30077235,20,5,20,5,,Paracou,2,1,190.9570035,216.1111111,50.74741562,0.264461507,0.83026493,285572.2,581598.4,18.14366351,5.986422539,19.00406481,0.371949786,1.727143786,5.002854034,7.101947606
659,,16,15,2727,Virola,surinamensis,Virola_surinamensis,,,BF,,,,2.753814326,,-1.67174,,0.822,45.17115617,4.53211428,18,4,18,4,,Paracou,3,1,84.64869642,323.6666667,65.56965215,0.357460333,1.007667355,285566.3,581602.4,23.87324146,5.746085167,42.43332743,0.3362161,2.33903518,4.202140566,6.877391846
660,,16,15,106,Gustavia,hexapetala,Gustavia_hexapetala,,,TF,,,,3.579885057,,-2.1571325,,0.87,94.7885732,6.49826405,10,1,8,2,,Paracou,4,1,138.3991453,223.7777778,67.57850471,0.298952436,0.982512809,285536.9,581599.3,12.89155039,2.897271872,95.5714268,0.208736786,1.025092304,2.2559547,3.48978379
661,,16,14,413,Casearia,javitensis,Casearia_javitensis,,,TF,,,,2.329105198,,-2.2010775,,0.886,62.59321412,1.41609762,8,3,5,2,,Paracou,5,1,93.37366115,200.6666667,70.39725995,0.637197417,0.957883817,285520.8,581517.3,15.91549431,2.202769041,109.1167223,0.186400351,0.79856132,2.329504463,3.314466133
662,,16,14,378,Virola,surinamensis,Virola_surinamensis,,,BF,,,,2.750613046,,-1.6977075,,0.803,38.51752883,3.13551357,28,4,25,3,,Paracou,9,1,110.6297782,273.7777778,86.31609285,0.342261636,0.934164449,285486.5,581527.4,37.40141163,5.444906235,30.70373396,0.393814584,2.385642372,7.045271871,9.824728827
663,,16,15,205,Chrysophyllum,prieurii,Chrysophyllum_prieurii,,,BF,,,,2.173971928,,-2.6245475,,0.808,83.86250319,2.12360191,28,4,24,3,,Paracou,11,1,65.89408156,279.3333333,103.4232223,0.561379894,0.9155742,285564.2,581547,30.87605896,1.833286405,105.2562814,0.153226938,1.09204356,3.855818052,5.101088551
664,,16,15,204,Laetia,procera,Laetia_procera,,,BF,,,,2.599433829,,-1.875485,,0.791,44.50865584,5.24651866,33,5,33,5,,Paracou,12,1,95.65104118,233.3333333,87.00369657,0.327398186,0.910029499,285561.3,581546.1,61.75211792,1.942211032,49.80013225,0.24153491,1.695432612,5.026129492,6.963097014
665,,16,16,101,Protium,stevensonii,Protium_stevensonii,,,TF,,,,2.162018176,,-1.9374075,,815,32.13894077,5.40220933,28,4,26,4,,Paracou,13,1,98.2822825,213.5555556,51.75138103,0.481036982,0.989212513,285150.8,581385.6,47.58732798,1.519776583,22.99226878,0.404889425,2.442340123,4.751638614,7.598868162
666,,16,16,13,Protium,stevensonii,Protium_stevensonii,,,TF,,,,,,,,,29.98301451,,,,,,,Paracou,15,1,94.58364198,187.3333333,47.00612014,0.496087637,,285180.7,581305.8,26.41972055,2.448768616,25.65484914,0.3964067,1.827988345,3.478195331,5.702590376
667,,16,16,136,Protium,stevensonii,Conceveiba_guianensis,,,TF,,,,1.808977847,,-2.1691175,,815,30.74652851,8.2431865,25,3,22,3,,Paracou,15,1,96.26047795,193,47.23832317,0.482984227,0.963968292,285172.6,581379.1,38.35634129,2.338923216,53.61429801,0.259528309,0.88195298,2.545031712,3.686513001
668,,16,16,226,Conceveiba,guianensis,Tachigali_melinonii,,,TF,,,,2.136686331,,-1.9533875,,830,92.21988061,2.87797736,10,3,10,3,,Paracou,16,1,101.6283168,165.5555556,60.62140563,0.491302194,0.943525686,285209.2,581316.9,15.27887454,2.198944092,21.56304155,0.395571907,1.775306101,8.437216948,10.60809496
669,,16,11,403,Tachigali,melinonii,Chrysophyllum_prieurii,,,BF,,,,1.989885664,,,,833,13.84198413,5.31834171,25,5,25,5,,Paracou,21,1,84.21009712,178.4444444,52.8811206,1.724038641,0.870724123,285212.5,581460,39.31127094,2.991383791,79.55351025,0.181610463,1.134789727,3.372771167,4.689171358
670,,16,16,556,Chrysophyllum,prieurii,Protium_stevensonii,,,BF,,,,2.393683899,,-2.562625,,860,101.4807807,1.66766124,26,5,26,5,,Paracou,24,1,295.703873,220.4444444,85.20268008,0.208338534,0.919231586,285234.4,581380.4,33.42253805,1.684329271,22.87165285,0.423190811,1.855567247,5.060239435,7.338997493
671,,16,17,273,Protium,stevensonii,Jacaranda_copaia subsp. copaia,,,BF,,,,2.022158911,,-2.56662,,800,21.39498575,21.7564,25,4,19,3,,Paracou,30,1,82.79541728,205.6666667,73.26879919,0.525220482,0.902446578,285285.7,581382.2,66.8450761,1.590028405,19.02608594,0.363666116,1.673918043,7.494476481,9.532060641
672,,16,17,2799,Jacaranda,copaia,Protium_stevensonii,,,BF,,,,2.959148446,,-1.6617525,,785,20.16622809,8.83447002,15,5,15,5,,Paracou,31,1,110.6300369,201.5555556,71.97342397,0.384700848,0.910425844,285270.6,581392.2,14.80140971,2.393920898,40.29830776,0.299534699,1.322103105,4.715445483,6.337083287
673,,16,1,215,Protium,stevensonii,Casearia_javitensis,,,TF,,,,2.17864649,,-2.474735,,837,43.79678948,8.33347812,17,3,15,3,,Paracou,38,1,82.14540718,254.3333333,85.43815834,0.514139091,0.959522111,285106,581616.6,15.75633937,1.288940668,73.88964557,0.20636986,1.067078796,3.366329697,4.639778353
674,,16,6,286,Casearia,javitensis,Casearia_javitensis,,,TF,,,,2.05909881,,-1.8814775,,911,96.39981384,2.33236214,10,3,9,4,,Paracou,41,1,116.0737482,156.1111111,65.07363708,0.600838698,0.970079535,285132.4,581572.3,19.73521294,1.095117331,61.47467922,0.21550379,0.9119493,2.871221314,3.998674405
675,,16,6,340,Casearia,javitensis,Virola_michelii,,,TF,,,,2.055719713,,,,923,103.0040752,3.7115345,8,2,5,3,,Paracou,43,1,127.2070808,163.2222222,59.43195771,0.486132022,0.933626549,285154.1,581576.8,16.55211408,1.63758862,31.99662451,0.408452166,2.183859082,5.263350021,7.85566127
676,,16,6,460,Virola,michelii,Chrysophyllum_prieurii,,,BF,,,,2.439333193,,-1.843525,,921,50.8677464,3.33938802,20,3,17,2,,Paracou,44,1,136.3531764,157.4444444,94.60429632,0.409279852,0.917167571,285195.8,581541.1,20.37183272,2.101145983,30.02316954,0.321059992,1.739438241,8.32535082,10.38584905
677,,16,6,395,Chrysophyllum,prieurii,Chrysophyllum_prieurii,,,BF,,,,2.452681388,,-2.243025,,915,46.21862852,1.63751187,30,5,26,3,,Paracou,47,1,95.90640785,212,78.1930451,0.416417508,0.886355411,285181.3,581533.7,28.64788976,2.469789028,94.86193729,0.20108566,1.038968718,3.459907232,4.699961609
678,,16,3,103,Chrysophyllum,prieurii,Virola_michelii,,,BF,,,,2.294520548,,-2.4367825,,813,100.5237436,1.52391093,30,4,30,4,,Paracou,49,1,91.62429539,214.3333333,89.20165147,0.457571367,0.932716049,285249.5938,581735.125,27.6929601,2.48790288,29.42511882,0.393477898,2.551844607,5.860692087,8.806014591
679,,16,5,2730,Virola,michelii,Conceveiba_guianensis,,,BF,,,,2.617906683,,-2.059255,,987,54.85021553,4.75677812,13,2,12,3,,Paracou,58,1,118.9271302,181.6666667,66.53169898,0.393629734,0.942099989,285477.8,581705.2,17.82535363,2.07482934,94.55611255,0.187727299,0.708414832,1.676191226,2.572333357
680,,16,22,396,Conceveiba,guianensis,Protium_stevensonii,,,TF,,,,2.369405099,,-2.21506,,836,55.73672976,1.43675424,15,2,15,3,,Paracou,60,1,154.7195736,185,70.24835527,0.561449687,0.970624741,285351.6,581267.8,14.16478994,3.057911634,19.05438729,0.404469688,2.039125366,6.66559775,9.109192804
681,,16,21,122,Protium,stevensonii,Virola_surinamensis,,,BF,,,,1.998413202,,-2.5206775,,818,21.23610183,10.5689183,17,4,15,3,,Paracou,63,1,84.83985393,246.8888889,45.80165055,0.503762918,0.978703115,285192.8,581269.2,26.73803044,2.306102753,40.46069151,0.346531075,2.367705924,10.26718683,12.98142383
682,,16,21,364,Virola,surinamensis,Virola_surinamensis,,,BF,,,,2.745075093,,-1.82355,,767,42.98038331,2.16791913,17,4,15,3,,Paracou,65,1,81.12325655,353.1111111,73.39177697,0.441493006,0.960321896,285245.6,581265.7,55.70423008,8.400744438,31.82473978,0.384495044,2.495192812,7.509291016,10.38897887
683,,16,21,625,Virola,surinamensis,Virola_michelii,,,BF,,,,2.95128519,,-1.7895925,,869,38.47687446,2.53439775,17,4,15,3,,Paracou,67,1,96.31482313,272.3333333,77.39613841,0.358585047,0.98632543,285266.5,581255.2,19.89436789,4.121319294,50.79998283,0.295159092,1.739524877,6.906496787,8.941180756
684,,16,18,77,Virola,michelii,Virola_michelii,,,BF,,,,2.797651557,,-1.9573825,,902,44.54018372,2.63912425,17,4,14,3,,Paracou,69,1,164.8562042,151,69.25441012,0.374762753,0.969922528,285357.6,581422.6,20.6901426,1.997401834,32.42197775,0.311459283,1.99524113,4.067599,6.374299413
685,,16,25,50,Virola,michelii,Protium_stevensonii,,,BF,,,,2.502025111,,-1.7536375,,875,64.91051335,8.10711313,20,3,15,3,,Paracou,70,1,102.2805955,207.1111111,90.47624015,0.435849666,0.940002697,285587,581367.2,23.55493158,2.009055376,17.62917341,0.538413356,2.146569966,7.258880525,9.943863848
686,,16,19,438,Protium,stevensonii,Virola_michelii,,,TF,,,,2.128386933,,-2.4967075,,881,19.88828493,5.48297602,30,5,28,5,,Paracou,75,1,84.32219194,231.4444444,43.19807156,0.491667266,0.909111311,285529.3,581445.8,30.71690402,2.270088196,85.01753158,0.223519846,1.534107383,5.83669489,7.594322119
687,,16,10,444,Virola,michelii,Casearia_javitensis,,,BF,,,,2.240222393,,-1.739655,,850,81.758432,5.88248454,22,4,16,4,,Paracou,77,1,108.31122,186.3333333,95.94748891,0.472601011,0.907559128,285570.3,581696.8,24.50986124,1.844842196,86.89307722,0.186941526,0.809203038,3.229484287,4.225628851
688,,6,1,435,Casearia,javitensis,Protium_stevensonii,,,TF,,,,2.093288103,,-2.1012025,,0.821,41.85367641,1.87391411,18,3,16,3,,Paracou,89,1,89.66309954,200.6666667,64.69829395,0.545557046,0.968860816,286468.9688,583130.8125,14.48309982,1.235325694,25.22883689,0.367617491,1.767187644,5.97311918,8.107924315
689,,16,16,101,Protium,stevensonii,Protium_stevensonii,,,TF,,,,2.040495228,,-2.3289175,,0.891,24.10970221,2.265091365,32,4,30,4,,Paracou,94,1,89.94074817,208.7777778,50.93596899,0.50603,0.926871591,285150.8,581385.6,47.58732798,1.519776583,40.63989856,0.315565135,1.421031508,3.328995697,5.065592339
690,,16,21,122,Protium,stevensonii,Casearia_javitensis,,,TF,,,,2.072731418,,-2.003325,,0.895,33.48343894,2.967236874,15,3,11,3,,Paracou,95,1,77.10852628,250.8888889,74.9292315,0.511317617,0.968756642,285192.8,581269.2,26.73803044,2.306102753,75.53432474,0.21698309,1.0633945,2.085638227,3.366015817
691,,16,6,340,Casearia,javitensis,Chrysophyllum_prieurii,,,TF,,,,2.153863585,,-1.7176825,,0.928,85.72721139,1.963493745,12,2,8,3,,Paracou,96,1,136.9344523,157,49.76455706,0.483758991,0.980263158,285154.1,581576.8,16.55211408,1.63758862,164.8886231,0.146660591,1.13087202,6.18597995,7.463512562
692,,16,10,53,Chrysophyllum,prieurii,,,,BF,,,,2.654574846,,-2.139155,,0.932,103.1194008,0.891908118,13,5,10,3,,Paracou,98,1,75.98970682,215.5555556,110.9570572,0.517605511,0.958261685,285483.7188,581675.125,34.85493254,2.973404169,,,,,
